ASV,stat,p-value,OA,Division,Genus,Species,Abundance
ASV23461,0.422070951,0.018126543,Low,Alveolata,Dino-Group-I-Clade-1_X,Dino-Group-I-Clade-1_X_sp.,1.198753704
ASV14168,0.407232117,0.018126543,Low,Others,Cryptomonadales_XX,Cryptomonadales_XX_sp.,0.3285536
ASV15036,0.399000221,0.018126543,Low,Chlorophyta,Ostreococcus,Unknown Ostreococcus (Genus),5.090033874
ASV4573,0.394821483,0.018126543,Low,Alveolata,Euduboscquella,Euduboscquella_sp.,0.764927115
ASV22086,0.393939176,0.018126543,Low,Haptophyta,Emiliania,Emiliania_huxleyi,0.244929493
ASV22569,0.371508627,0.018126543,Low,Stramenopiles,MOCH-4_XXX,MOCH-4_XXX_sp.,0.195264413
ASV15532,0.354806705,0.018126543,Low,Alveolata,Dino-Group-I-Clade-5_X,Dino-Group-I-Clade-5_X_sp.,0.113762745
ASV23571,0.313682867,0.018126543,Low,Alveolata,Dino-Group-I-Clade-4_X,Dino-Group-I-Clade-4_X_sp.,1.806620313
ASV8166,0.305117947,0.018126543,Low,Alveolata,Unknown Dinoflagellata (Subdivision),Unknown Dinoflagellata (Subdivision),0.117158648
ASV20918,0.301967465,0.018126543,Low,Alveolata,Gyrodiniellum,Gyrodiniellum_shiwhaense,0.143476895
ASV4009,0.301683455,0.018126543,Low,Stramenopiles,Unknown Bacillariophyceae (Class),Unknown Bacillariophyceae (Class),0.097207719
ASV19033,0.288438028,0.018126543,Low,Haptophyta,Chrysochromulina,Chrysochromulina_sp.,0.307753695
ASV23822,0.286508618,0.018126543,Low,Rhizaria,Protaspa,Protaspa_sp.,0.118007624
ASV18485,0.284615616,0.018126543,Low,Stramenopiles,Pseudo-nitzschia,Unknown Pseudo-nitzschia (Genus),0.15239114
ASV10782,0.284593483,0.018126543,Low,Stramenopiles,MAST-1B,MAST-1B_sp.,0.109093379
ASV2858,0.282490417,0.018126543,Low,Chlorophyta,Bathycoccus,Bathycoccus_prasinos,0.638005247
ASV7102,0.280057376,0.018126543,Low,Alveolata,Chattonaria,Chattonaria_mesnili,0.586217728
ASV18929,0.279949979,0.018126543,Low,Stramenopiles,Paraphysomonas,Paraphysomonas_sp.,0.053060982
ASV1231,0.276563538,0.018126543,Low,Others,Unknown Cryptomonadales:nucl (Order),Unknown Cryptomonadales:nucl (Order),0.092113865
ASV10199,0.275426915,0.018126543,Low,Stramenopiles,Minutocellus,Minutocellus_sp.,0.264880422
ASV730,0.274797866,0.018126543,Low,Stramenopiles,Unknown Gyrista (Subdivision),Unknown Gyrista (Subdivision),0.09296284
ASV157,0.274686908,0.018126543,Low,Stramenopiles,Unknown Peronosporales (Family),Unknown Peronosporales (Family),0.137109577
ASV22613,0.274464393,0.018126543,Low,Alveolata,Unknown Dino-Group-II (Order),Unknown Dino-Group-II (Order),0.112489282
ASV4374,0.273284391,0.018126543,Low,Others,Unknown Choanoflagellatea (Class),Unknown Choanoflagellatea (Class),0.028865174
ASV465,0.271949012,0.018126543,Low,Stramenopiles,Chrysophyceae_Clade-EC2H_XX,Chrysophyceae_Clade-EC2H_XX_sp.,0.046269176
ASV11909,0.266759158,0.018126543,Low,Stramenopiles,Unknown Bacillariophyceae (Class),Unknown Bacillariophyceae (Class),0.050514055
ASV4433,0.265637515,0.018126543,Low,Chlorophyta,Chloroparvula,Chloroparvula_pacifica,0.625695099
ASV17099,0.265509291,0.018126543,Low,Alveolata,Dino-Group-II-Clade-6_X,Dino-Group-II-Clade-6_X_sp.,0.642250125
ASV20135,0.265148389,0.018126543,Low,Stramenopiles,Unknown Gyrista (Subdivision),Unknown Gyrista (Subdivision),0.2831334
ASV9684,0.264129103,0.018126543,Low,Alveolata,Chytriodinium,Chytriodinium_sp.,0.17616246
ASV19434,0.264078414,0.018126543,Low,Alveolata,Unknown Dino-Group-II (Order),Unknown Dino-Group-II (Order),0.015281563
ASV20253,0.262608836,0.018126543,Low,Alveolata,Unknown Dinophyceae (Class),Unknown Dinophyceae (Class),0.084897571
ASV23317,0.261790494,0.018126543,Low,Chlorophyta,Unknown Chlorellales_X (Family),Unknown Chlorellales_X (Family),0.297141499
ASV4571,0.260136,0.018126543,Low,Stramenopiles,MAST-3E,MAST-3E_sp.,0.054334445
ASV6157,0.259954699,0.018126543,Low,Stramenopiles,Pelagomonas,Pelagomonas_calceolata,0.606593145
ASV14693,0.259575882,0.018126543,Low,Alveolata,Heterocapsa,Heterocapsa_nei/rotundata,0.270823252
ASV9085,0.258836628,0.018126543,Low,Stramenopiles,Cyclotella,Cyclotella_choctawhatcheeana,0.48094474
ASV4968,0.258821142,0.018126543,Low,Others,Unknown Picozoa_X (Subdivision),Unknown Picozoa_X (Subdivision),0.14644831
ASV908,0.257651591,0.018126543,Low,Alveolata,Dino-Group-II-Clade-4_X,Dino-Group-II-Clade-4_X_sp.,0.042448786
ASV22342,0.256565737,0.018126543,Low,Alveolata,Dino-Group-II-Clade-10-and-11_X,Dino-Group-II-Clade-10-and-11_X_sp.,0.034808004
ASV3083,0.254896145,0.018126543,Low,Chlorophyta,Micromonas,Micromonas_commoda_A1,0.761531213
ASV8131,0.252974854,0.018126543,Low,Alveolata,Dino-Group-II-Clade-16_X,Dino-Group-II-Clade-16_X_sp.,0.340863748
ASV10444,0.252576264,0.018126543,Low,Alveolata,Dino-Group-III_XX,Dino-Group-III_XX_sp.,0.088293474
ASV18208,0.250252393,0.018126543,Low,Others,Kathablepharidida_XX,Kathablepharidida_XX_sp.,0.086171035
ASV16083,0.249431629,0.018126543,Low,Stramenopiles,Unknown Gyrista (Subdivision),Unknown Gyrista (Subdivision),0.068342545
ASV2221,0.249380805,0.018126543,Low,Stramenopiles,Thalassiosira,Unknown Thalassiosira (Genus),0.146023822
ASV11292,0.248080907,0.018126543,Low,Stramenopiles,Bicosoeca,Bicosoeca_vacillans,0.032685565
ASV9252,0.246849384,0.018126543,Low,Alveolata,Unknown Peridiniales (Order),Unknown Peridiniales (Order),0.502169133
ASV2133,0.245731213,0.018126543,Low,Chlorophyta,Picochlorum,Picochlorum_sp.,0.505140548
ASV20228,0.245449233,0.041554245,Low,Alveolata,Gyrodinium,Unknown Gyrodinium (Genus),3.551265398
ASV19149,0.245364724,0.018126543,Low,Alveolata,Dino-Group-I-Clade-5_X,Dino-Group-I-Clade-5_X_sp.,0.145599334
ASV21154,0.24519978,0.018126543,Low,Stramenopiles,Coscinodiscus,Coscinodiscus_radiatus,0.05348547
ASV15396,0.244000061,0.018126543,Low,Stramenopiles,Navicula,Navicula_sp.,0.092538352
ASV15649,0.243466762,0.018126543,Low,Haptophyta,Phaeocystis,Unknown Phaeocystis (Genus),0.039901858
ASV11999,0.243087367,0.018126543,Low,Rhizaria,Astrosphaera,Astrosphaera_hexagonalis,0.48094474
ASV21211,0.243029022,0.018126543,Low,Stramenopiles,Skeletonema,Skeletonema_sp.,0.405385902
ASV22520,0.242271548,0.018126543,Low,Stramenopiles,MAST-10_X,MAST-10_X_sp.,0.028440686
ASV23815,0.241592253,0.018126543,Low,Others,Telonemia-Group-2_X,Telonemia-Group-2_X_sp.,0.030563126
ASV21980,0.240545212,0.018126543,Low,Rhizaria,Cercozoa_XXXX,Cercozoa_XXXX_sp.,0.016979514
ASV2498,0.238426773,0.018126543,Low,Rhizaria,Unknown Astrosphaeridae (Family),Unknown Astrosphaeridae (Family),0.431279661
ASV11058,0.237216376,0.018126543,Low,Stramenopiles,Skeletonema,Skeletonema_menzellii,0.15833397
ASV18537,0.237020762,0.018126543,Low,Alveolata,Euduboscquella,Euduboscquella_crenulata,0.022073368
ASV3134,0.235131877,0.018126543,Low,Stramenopiles,Unknown Gyrista (Subdivision),Unknown Gyrista (Subdivision),0.050089567
ASV3990,0.234494526,0.018126543,Low,Alveolata,Unknown Dinophyceae (Class),Unknown Dinophyceae (Class),0.073436399
ASV20335,0.233421075,0.018126543,Low,Alveolata,Dino-Group-I-Clade-4_X,Dino-Group-I-Clade-4_X_sp.,0.140080992
ASV10496,0.233082149,0.018126543,Low,Stramenopiles,MAST-4D,MAST-4D_sp.,0.041175322
ASV22234,0.233033001,0.018126543,Low,Stramenopiles,Unknown Fragilariaceae (Family),Unknown Fragilariaceae (Family),0.11291377
ASV9299,0.232915259,0.018126543,Low,Stramenopiles,MAST-3J,MAST-3J_sp.,0.100603622
ASV339,0.232746964,0.018126543,Low,Stramenopiles,Cyclotella,Cyclotella_striata,0.207150073
ASV20644,0.230987253,0.018126543,Low,Rhizaria,Cryothecomonas,Unknown Cryothecomonas (Genus),0.02377132
ASV8752,0.230983066,0.018126543,Low,Stramenopiles,Thalassiosira,Unknown Thalassiosira (Genus),0.119705575
ASV15311,0.230386659,0.041554245,Low,Alveolata,Dino-Group-II-Clade-5_X,Dino-Group-II-Clade-5_X_sp.,0.081926156
ASV14521,0.230301264,0.018126543,Low,Alveolata,Unknown Oligotrichida (Order),Unknown Oligotrichida (Order),0.284831351
ASV12217,0.229803744,0.018126543,Low,Stramenopiles,Unknown MAST-2 (Family),Unknown MAST-2 (Family),0.033534541
ASV13554,0.229662763,0.018126543,Low,Alveolata,Dinophyceae_XXX,Dinophyceae_XXX_sp.,0.108668891
ASV15332,0.228812177,0.018126543,Low,Stramenopiles,Unknown Thalassiosiraceae (Family),Unknown Thalassiosiraceae (Family),0.079379229
ASV22838,0.228585128,0.018126543,Low,Alveolata,Dino-Group-II-Clade-14_X,Dino-Group-II-Clade-14_X_sp.,0.163003336
ASV13873,0.228469974,0.018126543,Low,Alveolata,Dino-Group-III_XX,Dino-Group-III_XX_sp.,0.251721298
ASV963,0.228301752,0.018126543,Low,Stramenopiles,Thalassiosira,Unknown Thalassiosira (Genus),0.056456885
ASV22351,0.228187668,0.018126543,Low,Alveolata,Eutintinnus,Eutintinnus_fraknoi,0.028865174
ASV21062,0.226972085,0.018126543,Low,Alveolata,Dino-Group-II-Clade-27_X,Dino-Group-II-Clade-27_X_sp.,0.125648405
ASV7719,0.226922097,0.030748691,Low,Chlorophyta,Micromonas,Micromonas_commoda_A1,0.058579324
ASV8456,0.223816109,0.018126543,Low,Alveolata,Unknown Dinophyceae (Class),Unknown Dinophyceae (Class),0.197811341
ASV5604,0.22316665,0.018126543,Low,Rhizaria,Astrosphaera,Astrosphaera_hexagonalis,0.58579324
ASV19914,0.222946138,0.018126543,Low,Others,Geminigera:nucl,Geminigera_cryophila:nucl,0.039052883
ASV1703,0.220854336,0.018126543,Low,Chlorophyta,Micromonas,Micromonas_clade_B5,0.15833397
ASV20348,0.220585872,0.018126543,Low,Stramenopiles,Unknown Thalassiosirales (Order),Unknown Thalassiosirales (Order),0.282284424
ASV18327,0.219970028,0.018126543,Low,Chlorophyta,Chloroparvula,Chloroparvula_pacifica,0.135411626
ASV16545,0.218753676,0.018126543,Low,Alveolata,Yihiella,Yihiella_yeosuensis,0.141354456
ASV17370,0.217756196,0.041554245,Low,Stramenopiles,Bacillariophyceae_XXX,Bacillariophyceae_XXX_sp.,0.465663177
ASV23494,0.217730971,0.018126543,Low,Alveolata,Dino-Group-II-Clade-1_X,Dino-Group-II-Clade-1_X_sp.,0.041175322
ASV22924,0.216877943,0.018126543,Low,Alveolata,Ellobiopsis,Ellobiopsis_chattonii,0.033959028
ASV439,0.216428835,0.018126543,Low,Stramenopiles,Pleurosigma,Pleurosigma_intermedium,0.089991425
ASV7913,0.215603555,0.018126543,Low,Alveolata,Dino-Group-II-Clade-13_X,Dino-Group-II-Clade-13_X_sp.,0.046693664
ASV8843,0.215227658,0.018126543,Low,Alveolata,Unknown Warnowiaceae (Family),Unknown Warnowiaceae (Family),0.14644831
ASV18703,0.215131535,0.018126543,Low,Alveolata,Unknown Dinoflagellata (Subdivision),Unknown Dinoflagellata (Subdivision),0.028016198
ASV6296,0.2151085,0.018126543,Low,Rhizaria,Acantharea_4d_X,Acantharea_4d_X_sp.,0.027591711
ASV18305,0.214212566,0.041554245,Low,Alveolata,Dino-Group-II-Clade-26_X,Dino-Group-II-Clade-26_X_sp.,0.026318247
ASV15972,0.21373762,0.018126543,Low,Stramenopiles,Unknown Naviculales (Order),Unknown Naviculales (Order),0.030987613
ASV17451,0.21267682,0.018126543,Low,Alveolata,Unknown Dinophyceae (Class),Unknown Dinophyceae (Class),0.148146262
ASV15266,0.21240072,0.018126543,Low,Others,Geminigera:nucl,Geminigera_cryophila:nucl,0.020799905
ASV7372,0.211954729,0.018126543,Low,Stramenopiles,Chaetoceros,Chaetoceros_rostratus,0.07131396
ASV21067,0.211703719,0.018126543,Low,Chlorophyta,Chloroparvula,Chloroparvula_pacifica,0.038203907
ASV20071,0.210169042,0.018126543,Low,Alveolata,Dino-Group-II-Clade-1_X,Dino-Group-II-Clade-1_X_sp.,0.061126251
ASV17077,0.209778631,0.018126543,Low,Stramenopiles,MAST-4C,MAST-4C_sp.,0.117583136
ASV18875,0.209474072,0.030748691,Low,Chlorophyta,Micromonas,Micromonas_commoda_A1,0.097207719
ASV195,0.208995419,0.018126543,Low,Alveolata,Unknown Dinoflagellata (Subdivision),Unknown Dinoflagellata (Subdivision),0.009338733
ASV5114,0.206604421,0.018126543,Low,Alveolata,Unknown Dinophyceae (Class),Unknown Dinophyceae (Class),0.009763221
ASV5101,0.206226933,0.018126543,Low,Alveolata,Unknown Dino-Group-II (Order),Unknown Dino-Group-II (Order),0.057730348
ASV2310,0.205600871,0.018126543,Low,Stramenopiles,Bacillariophyceae_XXX,Bacillariophyceae_XXX_sp.,0.247900908
ASV9096,0.20559361,0.018126543,Low,Alveolata,Unknown Dinophyceae (Class),Unknown Dinophyceae (Class),0.18804812
ASV22859,0.204366065,0.041554245,Low,Stramenopiles,MAST-3J,MAST-3J_sp.,0.044146737
ASV15560,0.20371559,0.018126543,Low,Others,Unknown Cryptomonadales_X (Family),Unknown Cryptomonadales_X (Family),0.032261077
ASV18752,0.202892552,0.018126543,Low,Stramenopiles,Unknown Gyrista (Subdivision),Unknown Gyrista (Subdivision),0.066644593
ASV11552,0.202863608,0.018126543,Low,Chlorophyta,Chloroparvula,Chloroparvula_pacifica,0.06919152
ASV7804,0.201998425,0.030748691,Low,Alveolata,Dino-Group-I-Clade-4_X,Dino-Group-I-Clade-4_X_sp.,0.07725679
ASV2000,0.199836328,0.018126543,Low,Stramenopiles,Unknown Bigyra (Subdivision),Unknown Bigyra (Subdivision),0.026742735
ASV23534,0.19982481,0.041554245,Low,Alveolata,Dino-Group-II-Clade-1_X,Dino-Group-II-Clade-1_X_sp.,0.056456885
ASV17258,0.199655025,0.041554245,Low,Alveolata,Unknown Dino-Group-II (Order),Unknown Dino-Group-II (Order),0.01782849
ASV12347,0.199552281,0.030748691,Low,Alveolata,Dino-Group-II-Clade-5_X,Dino-Group-II-Clade-5_X_sp.,0.036930443
ASV7591,0.198241077,0.030748691,Low,Alveolata,Unknown Dinophyceae (Class),Unknown Dinophyceae (Class),0.049240591
ASV20631,0.198056007,0.041554245,Low,Alveolata,Dino-Group-II-Clade-1_X,Dino-Group-II-Clade-1_X_sp.,0.038628395
ASV2522,0.197275885,0.030748691,Low,Stramenopiles,Minidiscus,Minidiscus_variabilis,0.296292523
ASV13330,0.197199628,0.018126543,Low,Alveolata,Thoracosphaeraceae_X,Thoracosphaeraceae_X_sp.,0.033534541
ASV12329,0.196709651,0.030748691,Low,Alveolata,Dino-Group-II-Clade-13_X,Dino-Group-II-Clade-13_X_sp.,0.036505956
ASV5294,0.196311306,0.018126543,Low,Others,Unknown Tremellomycetes (Family),Unknown Tremellomycetes (Family),0.065795618
ASV7097,0.195837738,0.030748691,Low,Alveolata,Oligotrichida_XX,Oligotrichida_XX_sp.,0.051363031
ASV13139,0.195435352,0.041554245,Low,Alveolata,Unknown Dino-Group-II (Order),Unknown Dino-Group-II (Order),0.036081468
ASV23361,0.195424711,0.041554245,Low,Alveolata,Dino-Group-II-Clade-22_X,Dino-Group-II-Clade-22_X_sp.,0.024620296
ASV12560,0.1949901,0.018126543,Low,Alveolata,Dino-Group-II-Clade-44_X,Dino-Group-II-Clade-44_X_sp.,0.015281563
ASV12359,0.194052529,0.018126543,Low,Rhizaria,Cryothecomonas,Cryothecomonas_aestivalis,0.140929968
ASV5074,0.193974891,0.018126543,Low,Alveolata,Dino-Group-II-Clade-5_X,Dino-Group-II-Clade-5_X_sp.,0.019950929
ASV8229,0.193703048,0.018126543,Low,Alveolata,Dino-Group-II-Clade-10-and-11_X,Dino-Group-II-Clade-10-and-11_X_sp.,0.022497856
ASV6961,0.192833075,0.018126543,Low,Discoba,Notosolenus,Notosolenus_urceolatus,0.01188566
ASV319,0.192595022,0.018126543,Low,Chlorophyta,Picochlorum,Picochlorum_maculatum,0.141778944
ASV23079,0.191004008,0.018126543,Low,Others,Unknown Fungi (Subdivision),Unknown Fungi (Subdivision),0.014857075
ASV11285,0.189697577,0.018126543,Low,Alveolata,Unknown Dinophyceae (Class),Unknown Dinophyceae (Class),0.039052883
ASV2914,0.189665004,0.018126543,Low,Stramenopiles,Unknown Gyrista (Subdivision),Unknown Gyrista (Subdivision),0.033110053
ASV3987,0.188856339,0.030748691,Low,Alveolata,Unknown Dino-Group-II (Order),Unknown Dino-Group-II (Order),0.010187709
ASV21316,0.188006355,0.018126543,Low,Alveolata,Oligotrichida_XX,Oligotrichida_XX_sp.,0.022497856
ASV12583,0.187312611,0.030748691,Low,Alveolata,Dino-Group-II-Clade-26_X,Dino-Group-II-Clade-26_X_sp.,0.008065269
ASV3831,0.187069084,0.030748691,Low,Rhizaria,Thaumatomonadida_XX,Thaumatomonadida_XX_sp.,0.017404002
ASV22356,0.186903077,0.030748691,Low,Stramenopiles,Unknown Sagenista (Class),Unknown Sagenista (Class),0.011461172
ASV4494,0.186274331,0.018126543,Low,Alveolata,Dino-Group-II-Clade-4_X,Dino-Group-II-Clade-4_X_sp.,0.008489757
ASV11740,0.185220336,0.030748691,Low,Alveolata,Unknown Dinophyceae (Class),Unknown Dinophyceae (Class),0.014432587
ASV23858,0.184803655,0.018126543,Low,Alveolata,Dino-Group-II-Clade-1_X,Dino-Group-II-Clade-1_X_sp.,0.022497856
ASV11016,0.183121233,0.018126543,Low,Chlorophyta,Chloropicon,Unknown Chloropicon (Genus),0.039052883
ASV170,0.18211021,0.041554245,Low,Alveolata,Dino-Group-II-Clade-10-and-11_X,Dino-Group-II-Clade-10-and-11_X_sp.,0.01188566
ASV9410,0.181519684,0.018126543,Low,Alveolata,Dino-Group-II-Clade-7_X,Dino-Group-II-Clade-7_X_sp.,0.153240116
ASV17965,0.18108794,0.018126543,Low,Stramenopiles,Unknown Gyrista (Subdivision),Unknown Gyrista (Subdivision),0.070889472
ASV14040,0.179979843,0.041554245,Low,Alveolata,Dino-Group-II-Clade-1_X,Dino-Group-II-Clade-1_X_sp.,0.012734636
ASV5535,0.17975032,0.030748691,Low,Alveolata,Unknown Dino-Group-II (Order),Unknown Dino-Group-II (Order),0.008489757
ASV17510,0.179254398,0.018126543,Low,Stramenopiles,Thalassiosira,Unknown Thalassiosira (Genus),0.482218204
ASV12728,0.178655885,0.030748691,Low,Stramenopiles,Pseudobodo,Pseudobodo_tremulans,0.02377132
ASV12906,0.177417442,0.030748691,Low,Rhizaria,Ventricleftida_XX,Ventricleftida_XX_sp.,0.007640781
ASV13226,0.17699693,0.041554245,Low,Alveolata,Dino-Group-I-Clade-1_X,Dino-Group-I-Clade-1_X_sp.,0.007216294
ASV3393,0.176541673,0.041554245,Low,Stramenopiles,Unknown Mediophyceae (Class),Unknown Mediophyceae (Class),0.024195808
ASV291,0.176170505,0.030748691,Low,Alveolata,Unknown Dinophyceae (Class),Unknown Dinophyceae (Class),0.015706051
ASV6597,0.175493744,0.018126543,Low,Stramenopiles,Unknown Bacillariophyceae (Class),Unknown Bacillariophyceae (Class),0.029289662
ASV9955,0.173020943,0.041554245,Low,Alveolata,Unknown Dino-Group-II (Order),Unknown Dino-Group-II (Order),0.015281563
ASV9243,0.172533832,0.030748691,Low,Rhizaria,Ventrifissura,Ventrifissura_artocarpoidea,0.014857075
ASV10829,0.171630443,0.018126543,Low,Alveolata,Dino-Group-II-Clade-10-and-11_X,Dino-Group-II-Clade-10-and-11_X_sp.,0.025469271
ASV20508,0.168613043,0.030748691,Low,Stramenopiles,MAST-3J,MAST-3J_sp.,0.024620296
ASV51,0.167654459,0.018126543,Low,Stramenopiles,MAST-3F,MAST-3F_sp.,0.017404002
ASV18925,0.166989686,0.041554245,Low,Stramenopiles,MAST-1A,MAST-1A_sp.,0.033959028
ASV19173,0.166083843,0.041554245,Low,Alveolata,Unknown Dinophyceae (Class),Unknown Dinophyceae (Class),0.009763221
ASV2741,0.165220335,0.030748691,Low,Alveolata,Unknown Dinoflagellata (Subdivision),Unknown Dinoflagellata (Subdivision),0.119281087
ASV15957,0.164739711,0.030748691,Low,Stramenopiles,MAST-3D,MAST-3D_sp.,0.018677466
ASV3438,0.162441711,0.018126543,Low,Rhizaria,Unknown Spumellaria (Order),Unknown Spumellaria (Order),0.015706051
ASV15831,0.162069891,0.030748691,Low,Rhizaria,Cannobotryidae_X,Cannobotryidae_X_sp.,0.086171035
ASV6609,0.161568055,0.018126543,Low,Alveolata,Unknown Dinoflagellata (Subdivision),Unknown Dinoflagellata (Subdivision),0.014432587
ASV13525,0.15955233,0.030748691,Low,Alveolata,Gonyaulax,Gonyaulax_polygramma,0.056032397
ASV20094,0.157443496,0.018126543,Low,Stramenopiles,Minidiscus,Unknown Minidiscus (Genus),0.381614582
ASV7307,0.157028405,0.041554245,Low,Stramenopiles,Thalassiosira,Unknown Thalassiosira (Genus),0.111215818
ASV8431,0.155043418,0.030748691,Low,Others,Telonemia-Group-2_X,Telonemia-Group-2_X_sp.,0.012734636
ASV7001,0.149027658,0.041554245,Low,Others,Hemiselmis,Hemiselmis_virescens,0.033110053
ASV3993,0.148965381,0.018126543,Low,Stramenopiles,Chaetoceros,Chaetoceros_socialis,0.172766557
ASV7083,0.144949526,0.030748691,Low,Rhizaria,NPK2-lineage_X,NPK2-lineage_X_sp.,0.006367318
ASV8139,0.143212987,0.018126543,Low,Others,Hemiselmis,Hemiselmis_aquamarina,0.010612196
ASV8978,0.14308364,0.018126543,Low,Alveolata,Dino-Group-II-Clade-7_X,Dino-Group-II-Clade-7_X_sp.,0.031412101
ASV14431,0.646536017,0.018126543,High,Stramenopiles,MAST-3B,MAST-3B_sp.,0.708921416
ASV14576,0.577196667,0.018126543,High,Stramenopiles,MAST-4B,MAST-4B_sp.,0.641820298
ASV20542,0.571028884,0.018126543,High,Alveolata,Dino-Group-V_XX,Dino-Group-V_XX_sp.,0.653951573
ASV19995,0.566624623,0.018126543,High,Others,Kathablepharidida_XX,Kathablepharidida_XX_sp.,0.54420144
ASV21676,0.554161918,0.018126543,High,Alveolata,Dino-Group-I-Clade-1_X,Dino-Group-I-Clade-1_X_sp.,0.461746676
ASV605,0.534807204,0.018126543,High,Haptophyta,Unknown Prymnesiophyceae (Class),Unknown Prymnesiophyceae (Class),0.902642723
ASV4707,0.526703662,0.018126543,High,Stramenopiles,MAST-3E,MAST-3E_sp.,0.347068212
ASV4670,0.524734038,0.018126543,High,Alveolata,Dino-Group-III_XX,Dino-Group-III_XX_sp.,0.77052555
ASV23509,0.50461474,0.018126543,High,Stramenopiles,MOCH-5_XXX,MOCH-5_XXX_sp.,0.840469935
ASV2986,0.491378543,0.018126543,High,Stramenopiles,MAST-1D,MAST-1D_sp.,0.247743393
ASV6134,0.479332867,0.018126543,High,Alveolata,Unknown Dinophyceae (Class),Unknown Dinophyceae (Class),0.631015881
ASV7920,0.477514939,0.018126543,High,Alveolata,Dino-Group-I-Clade-5_X,Dino-Group-I-Clade-5_X_sp.,0.723706408
ASV1232,0.465263589,0.018126543,High,Stramenopiles,MAST-1D,MAST-1D_sp.,0.711954235
ASV22292,0.459704534,0.018126543,High,Alveolata,Dino-Group-I-Clade-4_X,Dino-Group-I-Clade-4_X_sp.,0.295131188
ASV13054,0.4554119,0.018126543,High,Alveolata,Dino-Group-III_XX,Dino-Group-III_XX_sp.,0.1766617
ASV21571,0.451712522,0.018126543,High,Haptophyta,Phaeocystis,Phaeocystis_sp.,0.148039472
ASV18507,0.448883094,0.018126543,High,Haptophyta,Haptophyta_Clade_HAP2_XXX,Haptophyta_Clade_HAP2_XXX_sp.,0.210780913
ASV8847,0.445954799,0.018126543,High,Alveolata,Unknown Dinophyceae (Class),Unknown Dinophyceae (Class),0.458334755
ASV22938,0.444997449,0.018126543,High,Alveolata,Dino-Group-V_XX,Dino-Group-V_XX_sp.,0.274280558
ASV23507,0.44386965,0.018126543,High,Alveolata,Unknown Gymnodiniaceae (Family),Unknown Gymnodiniaceae (Family),3.539299646
ASV16512,0.440943423,0.018126543,High,Others,Pterocystida_XXX,Pterocystida_XXX_sp.,0.160360299
ASV9249,0.440338173,0.018126543,High,Stramenopiles,Chrysophyceae_Clade-EC2H_XX,Chrysophyceae_Clade-EC2H_XX_sp.,0.317308677
ASV13378,0.435039555,0.018126543,High,Stramenopiles,MAST-11_X,MAST-11_X_sp.,0.41416933
ASV9324,0.431304158,0.018126543,High,Alveolata,Unknown Dinophyceae (Class),Unknown Dinophyceae (Class),0.398247031
ASV5804,0.428701768,0.018126543,High,Alveolata,Pentapharsodinium,Pentapharsodinium_tyrrhenicum,0.246416535
ASV23948,0.428089194,0.018126543,High,Alveolata,Dino-Group-II-Clade-10-and-11_X,Dino-Group-II-Clade-10-and-11_X_sp.,0.281862606
ASV16322,0.42399931,0.018126543,High,Alveolata,Dino-Group-I-Clade-5_X,Dino-Group-I-Clade-5_X_sp.,0.472361542
ASV19330,0.418480977,0.018126543,High,Alveolata,Prorocentrum,Prorocentrum_sp.,0.339296613
ASV19547,0.412791644,0.018126543,High,Stramenopiles,MOCH-2_XXX,MOCH-2_XXX_sp.,0.170785614
ASV420,0.410388502,0.018126543,High,Alveolata,Dinophyceae_XXX,Dinophyceae_XXX_sp.,0.244710574
ASV3423,0.409982437,0.018126543,High,Alveolata,Dino-Group-V_XX,Dino-Group-V_XX_sp.,0.22803007
ASV17017,0.407658179,0.018126543,High,Alveolata,Gyrodinium,Unknown Gyrodinium (Genus),1.449497879
ASV16099,0.407203058,0.018126543,High,Stramenopiles,Bacillariophyceae_XXX,Bacillariophyceae_XXX_sp.,0.39805748
ASV19148,0.403883658,0.018126543,High,Stramenopiles,MAST-1C,MAST-1C_sp.,0.2488807
ASV10791,0.400806696,0.018126543,High,Stramenopiles,MAST-9A,MAST-9A_sp.,0.173060228
ASV18275,0.394094604,0.018126543,High,Stramenopiles,MAST-3F,MAST-3F_sp.,0.188224322
ASV11095,0.393600174,0.018126543,High,Alveolata,Dino-Group-I-Clade-5_X,Dino-Group-I-Clade-5_X_sp.,0.182537787
ASV23445,0.392702167,0.018126543,High,Alveolata,Dino-Group-II-Clade-17_X,Dino-Group-II-Clade-17_X_sp.,0.061225031
ASV1165,0.392498494,0.018126543,High,Chlorophyta,Unknown Chlorophyta_X (Subdivision),Unknown Chlorophyta_X (Subdivision),0.121691858
ASV15913,0.388045166,0.018126543,High,Others,Stephanoecidae_Group_D_X,Stephanoecidae_Group_D_X_sp.,0.101978535
ASV10513,0.385644466,0.018126543,High,Alveolata,Dino-Group-I-Clade-1_X,Dino-Group-I-Clade-1_X_sp.,0.219689818
ASV2984,0.384563782,0.018126543,High,Alveolata,Paragymnodinium,Paragymnodinium_shiwhaense,0.108802378
ASV13209,0.377332061,0.018126543,High,Alveolata,Prorocentrum,Prorocentrum_sp.,0.166615488
ASV22434,0.376016829,0.018126543,High,Rhizaria,RAD-A_Xb_X,RAD-A_Xb_X_sp.,0.487904739
ASV13574,0.372583644,0.018126543,High,Stramenopiles,Chrysophyceae_Clade-EC2H_XX,Chrysophyceae_Clade-EC2H_XX_sp.,0.089278606
ASV14010,0.37191252,0.018126543,High,Alveolata,Tripos,Tripos_fusus,0.419287212
ASV14975,0.370921575,0.018126543,High,Haptophyta,Chrysochromulina,Unknown Chrysochromulina (Genus),0.05932952
ASV10173,0.370343306,0.018126543,High,Stramenopiles,Pedinellales_X,Pedinellales_X_sp.,0.071081693
ASV12726,0.367178207,0.018126543,High,Alveolata,Dino-Group-I-Clade-5_X,Dino-Group-I-Clade-5_X_sp.,0.097618858
ASV4030,0.366797022,0.018126543,High,Rhizaria,Lychnaspis_E2,Lychnaspis_E2_giltschii,0.123776921
ASV23241,0.365252654,0.018126543,High,Alveolata,Dino-Group-II-Clade-26_X,Dino-Group-II-Clade-26_X_sp.,0.066532464
ASV7629,0.364045476,0.018126543,High,Stramenopiles,MAST-3K,MAST-3K_sp.,0.067101118
ASV21777,0.362540024,0.018126543,High,Alveolata,Warnowia,Warnowia_sp.,1.328374674
ASV2501,0.358076055,0.018126543,High,Alveolata,Dino-Group-I-Clade-8_X,Dino-Group-I-Clade-8_X_sp.,0.140078323
ASV623,0.355861904,0.018126543,High,Alveolata,Gymnodinium,Gymnodinium_sp.,0.217794307
ASV14389,0.354610981,0.018126543,High,Stramenopiles,MAST-3C,MAST-3C_sp.,0.141026078
ASV15198,0.352647014,0.018126543,High,Chlorophyta,Halosphaera,Halosphaera_sp.,0.100083023
ASV15248,0.351892204,0.018126543,High,Alveolata,Dino-Group-I-Clade-6_X,Dino-Group-I-Clade-6_X_sp.,0.219310716
ASV14847,0.351731821,0.018126543,High,Alveolata,Dino-Group-I-Clade-4_X,Dino-Group-I-Clade-4_X_sp.,0.138561913
ASV18286,0.350988009,0.018126543,High,Alveolata,Syndiniales_XXX,Syndiniales_XXX_sp.,0.363369613
ASV18092,0.345324269,0.018126543,High,Alveolata,Dino-Group-II-Clade-12_X,Dino-Group-II-Clade-12_X_sp.,0.328302645
ASV1243,0.344983742,0.018126543,High,Alveolata,Unknown Oligotrichida (Order),Unknown Oligotrichida (Order),0.447151235
ASV14635,0.342052291,0.018126543,High,Stramenopiles,MOCH-2_XXX,MOCH-2_XXX_sp.,0.128136598
ASV18633,0.340873031,0.018126543,High,Alveolata,Dino-Group-II-Clade-8_X,Dino-Group-II-Clade-8_X_sp.,0.186328811
ASV9968,0.340852278,0.018126543,High,Alveolata,Unknown Dinoflagellata (Subdivision),Unknown Dinoflagellata (Subdivision),0.318825086
ASV23527,0.340634842,0.018126543,High,Haptophyta,Unknown Prymnesiophyceae (Class),Unknown Prymnesiophyceae (Class),0.059898173
ASV8236,0.336611697,0.018126543,High,Alveolata,Dino-Group-I-Clade-5_X,Dino-Group-I-Clade-5_X_sp.,0.109750134
ASV512,0.33648547,0.018126543,High,Stramenopiles,Chrysophyceae_Clade-EC2I_XX,Chrysophyceae_Clade-EC2I_XX_sp.,0.151451393
ASV21332,0.335500766,0.018126543,High,Alveolata,Unknown Dinoflagellata (Subdivision),Unknown Dinoflagellata (Subdivision),0.054969842
ASV19823,0.3352001,0.018126543,High,Alveolata,Unknown Dino-Group-II (Order),Unknown Dino-Group-II (Order),0.062172787
ASV16846,0.333417889,0.018126543,High,Alveolata,Dino-Group-II-Clade-10-and-11_X,Dino-Group-II-Clade-10-and-11_X_sp.,0.151640945
ASV10291,0.332211138,0.018126543,High,Alveolata,Dino-Group-I-Clade-4_X,Dino-Group-I-Clade-4_X_sp.,0.823031227
ASV6457,0.331535744,0.018126543,High,Alveolata,Karlodinium,Karlodinium_veneficum,0.68390066
ASV23033,0.327730291,0.018126543,High,Haptophyta,Chrysochromulina,Chrysochromulina_sp.,0.10918148
ASV3123,0.321828325,0.018126543,High,Alveolata,Dino-Group-II-Clade-10-and-11_X,Dino-Group-II-Clade-10-and-11_X_sp.,0.443170661
ASV366,0.319033451,0.018126543,High,Alveolata,Dino-Group-I-Clade-5_X,Dino-Group-I-Clade-5_X_sp.,0.100651677
ASV913,0.314315264,0.018126543,High,Others,Telonemia-Group-2_X,Telonemia-Group-2_X_sp.,0.694894628
ASV13662,0.313560677,0.018126543,High,Alveolata,Dino-Group-II-Clade-10-and-11_X,Dino-Group-II-Clade-10-and-11_X_sp.,0.181590031
ASV20147,0.313403897,0.018126543,High,Alveolata,Unknown Dinophyceae (Class),Unknown Dinophyceae (Class),0.195995921
ASV16264,0.313245898,0.018126543,High,Alveolata,Unknown Syndiniales (Class),Unknown Syndiniales (Class),0.209074952
ASV14001,0.312939188,0.018126543,High,Alveolata,Dino-Group-II-Clade-13_X,Dino-Group-II-Clade-13_X_sp.,0.059708622
ASV11877,0.311546019,0.018126543,High,Others,Prasinococcus,Prasinococcus_capsulatus,0.039237094
ASV2351,0.311302664,0.018126543,High,Alveolata,Unknown Dino-Group-II (Order),Unknown Dino-Group-II (Order),0.148608126
ASV5418,0.309567044,0.018126543,High,Alveolata,Unknown Dinoflagellata (Subdivision),Unknown Dinoflagellata (Subdivision),0.094206937
ASV10969,0.307147062,0.018126543,High,Rhizaria,Chlorarachnion,Chlorarachnion_reptans,0.050989268
ASV6624,0.30569686,0.018126543,High,Stramenopiles,MAST-4C,MAST-4C_sp.,0.748916715
ASV9126,0.303741588,0.018126543,High,Alveolata,Unknown Dino-Group-II (Order),Unknown Dino-Group-II (Order),0.03525652
ASV16086,0.303152719,0.018126543,High,Discoba,Hemistasia,Hemistasia_sp.,0.039237094
ASV6318,0.300752971,0.018126543,High,Alveolata,Unknown Dino-Group-II (Order),Unknown Dino-Group-II (Order),0.111835197
ASV13104,0.300741248,0.018126543,High,Alveolata,Dino-Group-I-Clade-5_X,Dino-Group-I-Clade-5_X_sp.,0.108612827
ASV4202,0.300061219,0.018126543,High,Alveolata,Unknown Dinoflagellata (Subdivision),Unknown Dinoflagellata (Subdivision),0.083592071
ASV9153,0.296997612,0.018126543,High,Alveolata,Unknown Dinoflagellata (Subdivision),Unknown Dinoflagellata (Subdivision),0.142352937
ASV12776,0.295415609,0.018126543,High,Alveolata,Unknown Dinoflagellata (Subdivision),Unknown Dinoflagellata (Subdivision),0.331145913
ASV18010,0.294069963,0.018126543,High,Alveolata,Dino-Group-III_XX,Dino-Group-III_XX_sp.,0.062930992
ASV13740,0.293909052,0.018126543,High,Alveolata,Dino-Group-I-Clade-1_X,Dino-Group-I-Clade-1_X_sp.,0.06899663
ASV11746,0.293703829,0.018126543,High,Alveolata,Dino-Group-II-Clade-16_X,Dino-Group-II-Clade-16_X_sp.,0.309537078
ASV21050,0.2934825,0.018126543,High,Stramenopiles,Stramenopiles_XXXXX,Stramenopiles_XXXXX_sp.,0.152967803
ASV50,0.293169788,0.018126543,High,Alveolata,Dino-Group-II-Clade-10-and-11_X,Dino-Group-II-Clade-10-and-11_X_sp.,0.117711283
ASV12226,0.293045672,0.018126543,High,Haptophyta,Haptophyta_Clade_HAP2_XXX,Haptophyta_Clade_HAP2_XXX_sp.,0.087572645
ASV541,0.292936375,0.018126543,High,Alveolata,Dino-Group-II-Clade-22_X,Dino-Group-II-Clade-22_X_sp.,0.128326149
ASV9484,0.291327346,0.018126543,High,Discoba,Eupelagonemidae_X,Eupelagonemidae_X_sp.,0.158464787
ASV17584,0.291064592,0.018126543,High,Alveolata,Dino-Group-II-Clade-7_X,Dino-Group-II-Clade-7_X_sp.,0.062362338
ASV2605,0.290902019,0.018126543,High,Chlorophyta,Halosphaera,Halosphaera_sp.,0.082833866
ASV19566,0.287853347,0.018126543,High,Alveolata,Dino-Group-II-Clade-1_X,Dino-Group-II-Clade-1_X_sp.,0.11392026
ASV18984,0.287465834,0.018126543,High,Alveolata,Dino-Group-II-Clade-23_X,Dino-Group-II-Clade-23_X_sp.,0.029190882
ASV19877,0.284483937,0.018126543,High,Rhizaria,Chlorarachnion,Chlorarachnion_reptans,0.034119213
ASV3860,0.283749915,0.018126543,High,Rhizaria,Unknown Cercozoa (Subdivision),Unknown Cercozoa (Subdivision),0.037341583
ASV12249,0.282299856,0.018126543,High,Alveolata,Dino-Group-II-Clade-10-and-11_X,Dino-Group-II-Clade-10-and-11_X_sp.,0.063310094
ASV5234,0.280388964,0.018126543,High,Stramenopiles,Melkoniana,Melkoniana_sp.,0.078284638
ASV7687,0.278417365,0.018126543,High,Alveolata,Heterocapsa,Heterocapsa_nei/rotundata,0.169079653
ASV21176,0.277124295,0.018126543,High,Alveolata,Dino-Group-I-Clade-5_X,Dino-Group-I-Clade-5_X_sp.,0.111645645
ASV9222,0.276892688,0.018126543,High,Alveolata,Unknown Dinoflagellata (Subdivision),Unknown Dinoflagellata (Subdivision),0.113541157
ASV7912,0.276732829,0.018126543,High,Stramenopiles,Unknown Gyrista (Subdivision),Unknown Gyrista (Subdivision),0.107475519
ASV14419,0.272743167,0.018126543,High,Rhizaria,Bigelowiella,Bigelowiella_natans,0.065584709
ASV23659,0.271642318,0.018126543,High,Stramenopiles,MAST-7C,MAST-7C_sp.,0.085298031
ASV3276,0.271221867,0.018126543,High,Haptophyta,Chrysochromulina,Chrysochromulina_sp.,0.03374011
ASV16731,0.269491912,0.018126543,High,Chlorophyta,Unknown Chlorophyta_X (Subdivision),Unknown Chlorophyta_X (Subdivision),0.028432677
ASV9224,0.268238589,0.018126543,High,Alveolata,Dino-Group-I-Clade-1_X,Dino-Group-I-Clade-1_X_sp.,0.112024748
ASV7851,0.266446199,0.018126543,High,Stramenopiles,MOCH-2_XXX,MOCH-2_XXX_sp.,0.026916268
ASV18676,0.265899509,0.030748691,High,Alveolata,Heterocapsa,Heterocapsa_sp.,0.07070259
ASV8605,0.26532697,0.018126543,High,Stramenopiles,MOCH-5_XXX,MOCH-5_XXX_sp.,0.128136598
ASV10106,0.264680228,0.018126543,High,Alveolata,Unknown Dinoflagellata (Subdivision),Unknown Dinoflagellata (Subdivision),0.102168086
ASV18853,0.264011265,0.018126543,High,Alveolata,Dino-Group-V_XX,Dino-Group-V_XX_sp.,0.056296701
ASV10944,0.263874797,0.018126543,High,Alveolata,Unknown Dinoflagellata (Subdivision),Unknown Dinoflagellata (Subdivision),0.063878748
ASV20735,0.263227403,0.018126543,High,Alveolata,Dino-Group-I-Clade-1_X,Dino-Group-I-Clade-1_X_sp.,1.453478454
ASV13033,0.259563302,0.018126543,High,Haptophyta,Chrysochromulina,Chrysochromulina_sp.,0.014026787
ASV5771,0.258166414,0.018126543,High,Alveolata,Dino-Group-II-Clade-10-and-11_X,Dino-Group-II-Clade-10-and-11_X_sp.,0.067669772
ASV18661,0.25798307,0.018126543,High,Alveolata,Unknown Dinoflagellata (Subdivision),Unknown Dinoflagellata (Subdivision),0.042269913
ASV19100,0.257687626,0.018126543,High,Rhizaria,Unknown Acantharea (Class),Unknown Acantharea (Class),0.032602803
ASV8164,0.257210249,0.018126543,High,Alveolata,Dino-Group-II-Clade-10-and-11_X,Dino-Group-II-Clade-10-and-11_X_sp.,0.074872716
ASV20768,0.257078901,0.018126543,High,Alveolata,Unknown Dinophyceae (Class),Unknown Dinophyceae (Class),0.071839897
ASV7846,0.256729476,0.018126543,High,Stramenopiles,MAST-4C,MAST-4C_sp.,0.116573976
ASV16349,0.256567361,0.018126543,High,Alveolata,Dino-Group-II-Clade-2_X,Dino-Group-II-Clade-2_X_sp.,0.037152031
ASV19998,0.256035173,0.018126543,High,Alveolata,Dino-Group-II-Clade-10-and-11_X,Dino-Group-II-Clade-10-and-11_X_sp.,0.079611496
ASV2467,0.255963486,0.018126543,High,Rhizaria,Chlorarachnion,Chlorarachnion_reptans,0.015922299
ASV15994,0.255096608,0.030748691,High,Alveolata,Unknown Peridiniales (Order),Unknown Peridiniales (Order),0.148229023
ASV8886,0.254680787,0.018126543,High,Rhizaria,Minorisa,Minorisa_minuta,0.092690527
ASV816,0.254144692,0.018126543,High,Stramenopiles,MOCH-5_XXX,MOCH-5_XXX_sp.,0.136855952
ASV2295,0.252442405,0.018126543,High,Alveolata,Dino-Group-II-Clade-25_X,Dino-Group-II-Clade-25_X_sp.,0.024262551
ASV14728,0.25212239,0.018126543,High,Alveolata,Unknown Warnowiaceae (Family),Unknown Warnowiaceae (Family),0.527331385
ASV21648,0.251993096,0.018126543,High,Stramenopiles,Unknown Dictyochophyceae_X (Order),Unknown Dictyochophyceae_X (Order),0.058571315
ASV14061,0.250833561,0.018126543,High,Others,Picozoa_XXXXX,Picozoa_XXXXX_sp.,0.029190882
ASV3406,0.250429459,0.018126543,High,Stramenopiles,MAST-1D,MAST-1D_sp.,0.038668441
ASV21269,0.25014805,0.030748691,High,Alveolata,Unknown Dinophyceae (Class),Unknown Dinophyceae (Class),0.067101118
ASV22260,0.248491014,0.030748691,High,Alveolata,Unknown Dinophyceae (Class),Unknown Dinophyceae (Class),3.746668638
ASV7441,0.246436603,0.018126543,High,Alveolata,Dino-Group-V_XX,Dino-Group-V_XX_sp.,0.043028118
ASV19274,0.246068022,0.018126543,High,Alveolata,Dino-Group-II-Clade-22_X,Dino-Group-II-Clade-22_X_sp.,0.068617527
ASV11620,0.245724961,0.030748691,High,Stramenopiles,Unknown Labyrinthulomycetes (Order),Unknown Labyrinthulomycetes (Order),0.034687866
ASV11795,0.245565531,0.018126543,High,Others,Stephanoecidae_Group_E_X,Stephanoecidae_Group_E_X_sp.,0.089468157
ASV12424,0.245071976,0.018126543,High,Alveolata,Ceratocorys,Unknown Ceratocorys (Genus),0.024641653
ASV7294,0.24505341,0.018126543,High,Alveolata,Dino-Group-I-Clade-4_X,Dino-Group-I-Clade-4_X_sp.,0.182348236
ASV20360,0.244180766,0.018126543,High,Alveolata,Dino-Group-II-Clade-1_X,Dino-Group-II-Clade-1_X_sp.,0.043975874
ASV1341,0.244003788,0.018126543,High,Discoba,Eupelagonemidae_X,Eupelagonemidae_X_sp.,0.029759535
ASV17253,0.243757439,0.018126543,High,Alveolata,Unknown Dino-Group-II (Order),Unknown Dino-Group-II (Order),0.059139968
ASV11687,0.242934287,0.030748691,High,Stramenopiles,MAST-8B,MAST-8B_sp.,0.035825173
ASV18522,0.242630107,0.018126543,High,Haptophyta,Chrysochromulina,Chrysochromulina_rotalis,0.039426646
ASV18631,0.242098678,0.018126543,High,Alveolata,Blastodinium,Blastodinium_mangini,0.078095086
ASV15714,0.240411588,0.018126543,High,Others,Spizellomycetales_XX,Spizellomycetales_XX_sp.,0.021798386
ASV4060,0.240121572,0.018126543,High,Alveolata,Dino-Group-II-Clade-6_X,Dino-Group-II-Clade-6_X_sp.,0.170785614
ASV8437,0.239976372,0.030748691,High,Stramenopiles,MAST-7D,MAST-7D_sp.,0.067859323
ASV784,0.239921872,0.018126543,High,Stramenopiles,Unknown Gyrista (Subdivision),Unknown Gyrista (Subdivision),0.042080362
ASV15156,0.239279689,0.018126543,High,Stramenopiles,Unknown Gyrista (Subdivision),Unknown Gyrista (Subdivision),0.04662959
ASV4148,0.238765876,0.018126543,High,Haptophyta,Unknown Prymnesiales (Order),Unknown Prymnesiales (Order),0.027484921
ASV12615,0.238322226,0.018126543,High,Rhizaria,Unknown Acantharea (Class),Unknown Acantharea (Class),0.129463456
ASV10139,0.23666239,0.030748691,High,Alveolata,Blastodinium,Blastodinium_contortum,0.034498315
ASV15516,0.236578545,0.018126543,High,Alveolata,Unknown Dino-Group-II (Order),Unknown Dino-Group-II (Order),0.032223701
ASV21726,0.236483619,0.018126543,High,Stramenopiles,Unknown Gyrista (Subdivision),Unknown Gyrista (Subdivision),0.015164094
ASV8011,0.235443041,0.030748691,High,Alveolata,Blastodinium,Blastodinium_mangini,0.084350275
ASV22945,0.234616391,0.018126543,High,Alveolata,Dino-Group-II-Clade-1_X,Dino-Group-II-Clade-1_X_sp.,0.051557921
ASV20725,0.234572544,0.030748691,High,Alveolata,Dino-Group-I-Clade-1_X,Dino-Group-I-Clade-1_X_sp.,0.079990598
ASV9783,0.233512003,0.018126543,High,Stramenopiles,MAST-3E,MAST-3E_sp.,0.014784992
ASV8426,0.233434467,0.018126543,High,Alveolata,Prorocentrum,Prorocentrum_sp.,0.219689818
ASV4664,0.232863301,0.018126543,High,Others,Hemiselmis,Hemiselmis_rufescens,0.366781535
ASV23488,0.232852596,0.018126543,High,Stramenopiles,Paraphysomonadales_Clade-EC1Ga_X,Paraphysomonadales_Clade-EC1Ga_X_sp.,0.082644315
ASV3779,0.232289851,0.018126543,High,Alveolata,Schuettiella,Schuettiella_mitra,0.074114512
ASV13030,0.232102041,0.018126543,High,Haptophyta,Chrysochromulina,Chrysochromulina_campanulifera,0.070133937
ASV210,0.231148518,0.018126543,High,Alveolata,Dino-Group-I-Clade-5_X,Dino-Group-I-Clade-5_X_sp.,0.034877417
ASV6942,0.230417851,0.041554245,High,Alveolata,Unknown Dinophyceae (Class),Unknown Dinophyceae (Class),0.11240385
ASV15488,0.230195446,0.030748691,High,Alveolata,Unknown Syndiniales (Class),Unknown Syndiniales (Class),0.034308764
ASV17338,0.229828837,0.018126543,High,Stramenopiles,MAST-10_X,MAST-10_X_sp.,0.071460795
ASV4804,0.229130095,0.018126543,High,Alveolata,Unknown Syndiniales (Class),Unknown Syndiniales (Class),0.022935693
ASV20554,0.228939211,0.030748691,High,Alveolata,Dino-Group-II-Clade-10-and-11_X,Dino-Group-II-Clade-10-and-11_X_sp.,0.055348945
ASV23566,0.226857638,0.018126543,High,Others,Opisthokonta_XXXXX,Opisthokonta_XXXXX_sp.,0.06103548
ASV6117,0.225464572,0.018126543,High,Chlorophyta,Pyramimonas,Unknown Pyramimonas (Genus),0.049093756
ASV7884,0.225326229,0.018126543,High,Alveolata,Unknown Dino-Group-II (Order),Unknown Dino-Group-II (Order),0.015353646
ASV14753,0.225042478,0.041554245,High,Alveolata,Dino-Group-I-Clade-5_X,Dino-Group-I-Clade-5_X_sp.,0.139320118
ASV9139,0.224441906,0.018126543,High,Alveolata,Dino-Group-II-Clade-5_X,Dino-Group-II-Clade-5_X_sp.,0.040753504
ASV19332,0.22404358,0.018126543,High,Alveolata,Dino-Group-II-Clade-14_X,Dino-Group-II-Clade-14_X_sp.,0.009288008
ASV4174,0.223855759,0.041554245,High,Haptophyta,Chrysochromulina,Chrysochromulina_sp.,0.043596772
ASV17621,0.223495874,0.030748691,High,Alveolata,Dino-Group-II-Clade-3_X,Dino-Group-II-Clade-3_X_sp.,0.036583378
ASV2508,0.223288625,0.041554245,High,Alveolata,Dino-Group-I-Clade-5_X,Dino-Group-I-Clade-5_X_sp.,0.158464787
ASV8061,0.223230531,0.018126543,High,Alveolata,Syndiniales_XXX,Syndiniales_XXX_sp.,0.05781311
ASV2769,0.223141296,0.030748691,High,Stramenopiles,MOCH-2_XXX,MOCH-2_XXX_sp.,0.030896842
ASV19702,0.221915024,0.030748691,High,Rhizaria,Unknown Acantharea_F3 (Family),Unknown Acantharea_F3 (Family),0.030138638
ASV5968,0.220602907,0.030748691,High,Alveolata,Dino-Group-II-Clade-10-and-11_X,Dino-Group-II-Clade-10-and-11_X_sp.,0.156758826
ASV12211,0.21988169,0.030748691,High,Alveolata,Dino-Group-II-Clade-10-and-11_X,Dino-Group-II-Clade-10-and-11_X_sp.,0.351427889
ASV7727,0.218606058,0.018126543,High,Alveolata,Dino-Group-II-Clade-10-and-11_X,Dino-Group-II-Clade-10-and-11_X_sp.,0.132496275
ASV4830,0.217984694,0.018126543,High,Alveolata,Unknown Dinophyceae (Class),Unknown Dinophyceae (Class),0.036204276
ASV7049,0.217243043,0.041554245,High,Alveolata,Euduboscquella,Euduboscquella_cachoni,0.025589409
ASV4271,0.216177136,0.041554245,High,Alveolata,Dino-Group-II-Clade-3_X,Dino-Group-II-Clade-3_X_sp.,0.051937024
ASV21192,0.214251619,0.030748691,High,Stramenopiles,Unknown Gyrista (Subdivision),Unknown Gyrista (Subdivision),0.023314795
ASV22302,0.21423549,0.030748691,High,Stramenopiles,Paraphysomonadales_Clade-EC1Ga_X,Paraphysomonadales_Clade-EC1Ga_X_sp.,0.055917598
ASV4993,0.213887475,0.030748691,High,Haptophyta,Chrysochromulina,Chrysochromulina_sp.,0.027105819
ASV15576,0.213443126,0.018126543,High,Alveolata,Gymnodinium,Gymnodinium_sp.,0.044734079
ASV20782,0.212643433,0.041554245,High,Haptophyta,Chrysochromulina,Chrysochromulina_sp.,0.057623559
ASV18963,0.212308685,0.018126543,High,Alveolata,Unknown Dino-Group-II (Order),Unknown Dino-Group-II (Order),0.022746142
ASV13636,0.212212885,0.041554245,High,Haptophyta,Pavlomulina,Pavlomulina_ranunculiformis,0.042269913
ASV13301,0.211434482,0.041554245,High,Stramenopiles,MAST-8C,MAST-8C_sp.,0.017438709
ASV21518,0.211403631,0.041554245,High,Alveolata,Dino-Group-I-Clade-5_X,Dino-Group-I-Clade-5_X_sp.,0.037720685
ASV21655,0.211310519,0.018126543,High,Alveolata,Dino-Group-III_XX,Dino-Group-III_XX_sp.,0.028811779
ASV4259,0.210838575,0.041554245,High,Haptophyta,Chrysochromulina,Chrysochromulina_sp.,0.015732748
ASV22789,0.209726024,0.018126543,High,Alveolata,Dino-Group-II-Clade-7_X,Dino-Group-II-Clade-7_X_sp.,0.016680504
ASV8597,0.208807477,0.030748691,High,Stramenopiles,Unknown Pelagomonadaceae (Family),Unknown Pelagomonadaceae (Family),0.01762826
ASV9002,0.208334054,0.041554245,High,Others,Unknown Choanoflagellatea (Class),Unknown Choanoflagellatea (Class),0.016301402
ASV22724,0.208209932,0.018126543,High,Alveolata,Gymnoxanthella,Gymnoxanthella_radiolariae,0.108233724
ASV14426,0.207752629,0.018126543,High,Alveolata,Dino-Group-II-Clade-26_X,Dino-Group-II-Clade-26_X_sp.,0.02729537
ASV14690,0.207333978,0.018126543,High,Alveolata,Dino-Group-II-Clade-10-and-11_X,Dino-Group-II-Clade-10-and-11_X_sp.,0.025399858
ASV16896,0.206714023,0.041554245,High,Alveolata,Dino-Group-I-Clade-5_X,Dino-Group-I-Clade-5_X_sp.,0.037720685
ASV257,0.206569294,0.030748691,High,Alveolata,Blastodinium,Blastodinium_contortum,0.049472858
ASV9227,0.206543871,0.030748691,High,Alveolata,Dino-Group-II-Clade-33_X,Dino-Group-II-Clade-33_X_sp.,0.024452102
ASV16394,0.20584855,0.030748691,High,Alveolata,Warnowia,Warnowia_sp.,0.046250488
ASV3360,0.205596636,0.030748691,High,Alveolata,Dino-Group-II-Clade-10-and-11_X,Dino-Group-II-Clade-10-and-11_X_sp.,0.206800338
ASV13995,0.205374972,0.030748691,High,Chlorophyta,Unknown Mamiellaceae (Family),Unknown Mamiellaceae (Family),0.030707291
ASV15632,0.205282435,0.041554245,High,Alveolata,Scrippsiella,Unknown Scrippsiella (Genus),0.161118504
ASV14244,0.204723529,0.018126543,High,Alveolata,Dinophyceae_XXX,Dinophyceae_XXX_sp.,0.029190882
ASV5257,0.204653316,0.030748691,High,Alveolata,Unknown Dinophyceae (Class),Unknown Dinophyceae (Class),0.142163386
ASV10504,0.204264872,0.018126543,High,Stramenopiles,MAST-3D,MAST-3D_sp.,0.008340252
ASV7565,0.204225974,0.030748691,High,Others,Pterocystida_XXX,Pterocystida_XXX_sp.,0.019713323
ASV18612,0.202499715,0.041554245,High,Stramenopiles,MAST-3I,MAST-3I_sp.,0.055728047
ASV9199,0.202253489,0.041554245,High,Alveolata,Unknown Syndiniales (Class),Unknown Syndiniales (Class),0.028622228
ASV19991,0.201165104,0.041554245,High,Haptophyta,Chrysochromulina,Chrysochromulina_sp.,0.15410511
ASV3633,0.201148187,0.041554245,High,Haptophyta,Braarudosphaera,Braarudosphaera_bigelowii,0.172870677
ASV18212,0.200669095,0.030748691,High,Alveolata,Unknown Dinophyceae (Class),Unknown Dinophyceae (Class),0.015353646
ASV12632,0.200108855,0.041554245,High,Stramenopiles,MAST-3E,MAST-3E_sp.,0.053642984
ASV19062,0.200076454,0.030748691,High,Alveolata,Dino-Group-I-Clade-5_X,Dino-Group-I-Clade-5_X_sp.,0.035446071
ASV8696,0.198593673,0.030748691,High,Haptophyta,Unknown Prymnesiophyceae (Class),Unknown Prymnesiophyceae (Class),0.019523772
ASV4191,0.197712685,0.041554245,High,Alveolata,Unknown Dinoflagellata (Subdivision),Unknown Dinoflagellata (Subdivision),0.040943055
ASV10676,0.195446468,0.041554245,High,Alveolata,Dino-Group-II-Clade-20_X,Dino-Group-II-Clade-20_X_sp.,0.363559165
ASV18301,0.194361138,0.041554245,High,Alveolata,Unknown Dinoflagellata (Subdivision),Unknown Dinoflagellata (Subdivision),0.032602803
ASV4586,0.192063776,0.030748691,High,Alveolata,Unknown Dinoflagellata (Subdivision),Unknown Dinoflagellata (Subdivision),0.034687866
ASV22780,0.188154209,0.041554245,High,Haptophyta,Unknown Prymnesiaceae (Family),Unknown Prymnesiaceae (Family),0.022177488
ASV3404,0.186880245,0.030748691,High,Alveolata,Dino-Group-II-Clade-17_X,Dino-Group-II-Clade-17_X_sp.,0.007202945
ASV6240,0.185395881,0.018126543,High,Alveolata,Unknown Dinophyceae (Class),Unknown Dinophyceae (Class),0.045492283
ASV5025,0.179113005,0.018126543,High,Alveolata,Dino-Group-II-Clade-1_X,Dino-Group-II-Clade-1_X_sp.,0.122450063