ASV,stat,p-value,adjust pvalue,OA
ASV9956,0.162440696,0.005,0.060297741,Low
ASV9955,0.173020943,0.003,0.041652482,Low
ASV9684,0.264129103,0.001,0.018126543,Low
ASV963,0.228301752,0.001,0.018126543,Low
ASV9619,0.109907409,0.019,0.18026979,Low
ASV9612,0.143378155,0.022,0.201255452,Low
ASV9410,0.181519684,0.001,0.018126543,Low
ASV9341,0.137412427,0.027,0.227179083,Low
ASV9340,0.139822893,0.04,0.296616162,Low
ASV9307,0.156841927,0.001,0.018126543,Low
ASV9299,0.232915259,0.001,0.018126543,Low
ASV9252,0.246849384,0.001,0.018126543,Low
ASV9243,0.172533832,0.002,0.031074074,Low
ASV9197,0.135803619,0.035,0.267998696,Low
ASV9149,0.148253379,0.044,0.320213135,Low
ASV9127,0.141648877,0.023,0.201911809,Low
ASV9096,0.20559361,0.001,0.018126543,Low
ASV9085,0.258836628,0.001,0.018126543,Low
ASV908,0.257651591,0.001,0.018126543,Low
ASV9063,0.155412254,0.003,0.041652482,Low
ASV8978,0.14308364,0.001,0.018126543,Low
ASV8950,0.123501504,0.026,0.220981187,Low
ASV8933,0.184092448,0.004,0.051517544,Low
ASV8843,0.215227658,0.002,0.031074074,Low
ASV8752,0.230983066,0.001,0.018126543,Low
ASV8569,0.223758927,0.002,0.031074074,Low
ASV850,0.134890793,0.037,0.280027062,Low
ASV8456,0.223816109,0.001,0.018126543,Low
ASV8431,0.155043418,0.002,0.031074074,Low
ASV8321,0.161249727,0.011,0.115983842,Low
ASV8229,0.193703048,0.001,0.018126543,Low
ASV8191,0.113556121,0.034,0.263085639,Low
ASV8166,0.305117947,0.001,0.018126543,Low
ASV8142,0.127137326,0.033,0.25738247,Low
ASV8139,0.143212987,0.007,0.079059615,Low
ASV8131,0.252974854,0.001,0.018126543,Low
ASV8022,0.12925341,0.026,0.220981187,Low
ASV800,0.14568578,0.023,0.201911809,Low
ASV7913,0.215603555,0.001,0.018126543,Low
ASV7895,0.143038196,0.03,0.241025992,Low
ASV7828,0.135226347,0.023,0.201911809,Low
ASV7804,0.201998425,0.001,0.018126543,Low
ASV7795,0.136406856,0.023,0.201911809,Low
ASV7719,0.226922097,0.001,0.018126543,Low
ASV7685,0.143964483,0.023,0.201911809,Low
ASV7600,0.144491063,0.003,0.041652482,Low
ASV7591,0.198241077,0.003,0.041652482,Low
ASV7589,0.170984064,0.012,0.124515901,Low
ASV7582,0.136569993,0.023,0.201911809,Low
ASV7569,0.156381767,0.001,0.018126543,Low
ASV7521,0.145540401,0.03,0.241025992,Low
ASV7486,0.166808304,0.003,0.041652482,Low
ASV7404,0.140580168,0.008,0.088816635,Low
ASV7372,0.211954729,0.002,0.031074074,Low
ASV7307,0.157028405,0.004,0.051517544,Low
ASV730,0.274797866,0.001,0.018126543,Low
ASV7253,0.140890684,0.024,0.208817778,Low
ASV7230,0.144244306,0.023,0.201911809,Low
ASV7210,0.134114016,0.015,0.150076661,Low
ASV7147,0.134218873,0.033,0.25738247,Low
ASV7102,0.280057376,0.001,0.018126543,Low
ASV7097,0.195837738,0.001,0.018126543,Low
ASV7083,0.144949526,0.003,0.041652482,Low
ASV7029,0.195637925,0.001,0.018126543,Low
ASV7001,0.149027658,0.004,0.051517544,Low
ASV6961,0.192833075,0.002,0.031074074,Low
ASV6780,0.159783992,0.022,0.201255452,Low
ASV6745,0.137865812,0.031,0.245699055,Low
ASV6644,0.122076519,0.027,0.227179083,Low
ASV6609,0.161568055,0.001,0.018126543,Low
ASV6597,0.175493744,0.002,0.031074074,Low
ASV6585,0.127009948,0.033,0.25738247,Low
ASV6507,0.136569993,0.026,0.220981187,Low
ASV6503,0.141099931,0.024,0.208817778,Low
ASV6296,0.2151085,0.001,0.018126543,Low
ASV6247,0.145693705,0.006,0.069916667,Low
ASV624,0.11199337,0.044,0.320213135,Low
ASV6157,0.259954699,0.001,0.018126543,Low
ASV6144,0.125096438,0.029,0.238205594,Low
ASV6122,0.173593648,0.004,0.051517544,Low
ASV6103,0.119254368,0.025,0.215285924,Low
ASV599,0.147269153,0.008,0.088816635,Low
ASV5976,0.155458161,0.012,0.124515901,Low
ASV5952,0.123191801,0.023,0.201911809,Low
ASV5854,0.144197391,0.011,0.115983842,Low
ASV5729,0.13081008,0.03,0.241025992,Low
ASV5687,0.138053698,0.009,0.098064935,Low
ASV5646,0.137374308,0.018,0.172735294,Low
ASV5604,0.22316665,0.001,0.018126543,Low
ASV5535,0.17975032,0.004,0.051517544,Low
ASV543,0.18925543,0.005,0.060297741,Low
ASV5356,0.135803619,0.022,0.201255452,Low
ASV5354,0.135476419,0.04,0.296616162,Low
ASV534,0.146554805,0.03,0.241025992,Low
ASV5294,0.196311306,0.003,0.041652482,Low
ASV5145,0.158425175,0.003,0.041652482,Low
ASV5119,0.14582948,0.028,0.232265537,Low
ASV5114,0.206604421,0.001,0.018126543,Low
ASV5101,0.206226933,0.002,0.031074074,Low
ASV51,0.167654459,0.001,0.018126543,Low
ASV5074,0.193974891,0.001,0.018126543,Low
ASV4968,0.258821142,0.001,0.018126543,Low
ASV492,0.125051351,0.046,0.33107598,Low
ASV4774,0.158401924,0.021,0.196077901,Low
ASV4771,0.136390623,0.015,0.150076661,Low
ASV469,0.171843831,0.001,0.018126543,Low
ASV468,0.15436651,0.034,0.263085639,Low
ASV4677,0.121354166,0.031,0.245699055,Low
ASV465,0.271949012,0.001,0.018126543,Low
ASV4623,0.130461548,0.025,0.215285924,Low
ASV4618,0.131147685,0.03,0.241025992,Low
ASV4573,0.394821483,0.001,0.018126543,Low
ASV4571,0.260136,0.001,0.018126543,Low
ASV4494,0.186274331,0.002,0.031074074,Low
ASV4433,0.265637515,0.001,0.018126543,Low
ASV439,0.216428835,0.002,0.031074074,Low
ASV4374,0.273284391,0.001,0.018126543,Low
ASV4334,0.125910736,0.03,0.241025992,Low
ASV4255,0.161196639,0.009,0.098064935,Low
ASV4242,0.135679459,0.038,0.285754161,Low
ASV4163,0.15189329,0.007,0.079059615,Low
ASV4159,0.136669353,0.03,0.241025992,Low
ASV4062,0.135740287,0.018,0.172735294,Low
ASV4029,0.144500776,0.022,0.201255452,Low
ASV4009,0.301683455,0.001,0.018126543,Low
ASV3993,0.148965381,0.001,0.018126543,Low
ASV3990,0.234494526,0.001,0.018126543,Low
ASV3987,0.188856339,0.001,0.018126543,Low
ASV3831,0.187069084,0.001,0.018126543,Low
ASV3814,0.154369505,0.011,0.115983842,Low
ASV3447,0.142899038,0.022,0.201255452,Low
ASV3438,0.162441711,0.003,0.041652482,Low
ASV3393,0.176541673,0.004,0.051517544,Low
ASV339,0.232746964,0.001,0.018126543,Low
ASV3318,0.152338129,0.009,0.098064935,Low
ASV3218,0.158504421,0.019,0.18026979,Low
ASV319,0.192595022,0.001,0.018126543,Low
ASV3185,0.150315155,0.001,0.018126543,Low
ASV3134,0.235131877,0.001,0.018126543,Low
ASV3115,0.135202784,0.022,0.201255452,Low
ASV3083,0.254896145,0.001,0.018126543,Low
ASV3060,0.119439799,0.027,0.227179083,Low
ASV3046,0.111820728,0.033,0.25738247,Low
ASV302,0.126881553,0.023,0.201911809,Low
ASV3019,0.123963002,0.007,0.079059615,Low
ASV2932,0.128343054,0.03,0.241025992,Low
ASV2914,0.189665004,0.002,0.031074074,Low
ASV291,0.176170505,0.004,0.051517544,Low
ASV2905,0.12659787,0.022,0.201255452,Low
ASV2879,0.141648877,0.036,0.273870466,Low
ASV2858,0.282490417,0.001,0.018126543,Low
ASV2801,0.154909901,0.012,0.124515901,Low
ASV2791,0.135832238,0.021,0.196077901,Low
ASV2741,0.165220335,0.002,0.031074074,Low
ASV2600,0.15934424,0.022,0.201255452,Low
ASV2552,0.176146594,0.005,0.060297741,Low
ASV2522,0.197275885,0.002,0.031074074,Low
ASV2498,0.238426773,0.001,0.018126543,Low
ASV24057,0.137412427,0.035,0.267998696,Low
ASV24045,0.150895715,0.005,0.060297741,Low
ASV23998,0.190422559,0.005,0.060297741,Low
ASV23858,0.184803655,0.002,0.031074074,Low
ASV23822,0.286508618,0.001,0.018126543,Low
ASV23815,0.241592253,0.002,0.031074074,Low
ASV23762,0.1512902,0.031,0.245699055,Low
ASV23743,0.15312854,0.022,0.201255452,Low
ASV23600,0.164222466,0.011,0.115983842,Low
ASV23571,0.313682867,0.001,0.018126543,Low
ASV23534,0.19982481,0.006,0.069916667,Low
ASV23494,0.217730971,0.001,0.018126543,Low
ASV23461,0.422070951,0.001,0.018126543,Low
ASV23385,0.131362888,0.023,0.201911809,Low
ASV23361,0.195424711,0.002,0.031074074,Low
ASV23360,0.121580635,0.044,0.320213135,Low
ASV2335,0.160256616,0.007,0.079059615,Low
ASV23317,0.261790494,0.001,0.018126543,Low
ASV23276,0.135803619,0.033,0.25738247,Low
ASV23244,0.161842812,0.026,0.220981187,Low
ASV2310,0.205600871,0.001,0.018126543,Low
ASV23079,0.191004008,0.003,0.041652482,Low
ASV22924,0.216877943,0.001,0.018126543,Low
ASV22874,0.162735699,0.003,0.041652482,Low
ASV22859,0.204366065,0.005,0.060297741,Low
ASV22838,0.228585128,0.001,0.018126543,Low
ASV22801,0.178113268,0.002,0.031074074,Low
ASV22733,0.132493392,0.039,0.290668782,Low
ASV22675,0.166636317,0.017,0.165026446,Low
ASV22641,0.132480744,0.029,0.238205594,Low
ASV22613,0.274464393,0.001,0.018126543,Low
ASV22569,0.371508627,0.001,0.018126543,Low
ASV22520,0.242271548,0.001,0.018126543,Low
ASV22497,0.128562723,0.015,0.150076661,Low
ASV22450,0.167232076,0.009,0.098064935,Low
ASV22429,0.143482265,0.023,0.201911809,Low
ASV22373,0.169358701,0.003,0.041652482,Low
ASV22356,0.186903077,0.003,0.041652482,Low
ASV22351,0.228187668,0.001,0.018126543,Low
ASV22342,0.256565737,0.001,0.018126543,Low
ASV22334,0.128275998,0.041,0.30136796,Low
ASV22276,0.144084179,0.025,0.215285924,Low
ASV22234,0.233033001,0.001,0.018126543,Low
ASV2221,0.249380805,0.001,0.018126543,Low
ASV22119,0.134143261,0.023,0.201911809,Low
ASV22086,0.393939176,0.001,0.018126543,Low
ASV2199,0.138006559,0.023,0.201911809,Low
ASV21980,0.240545212,0.001,0.018126543,Low
ASV21972,0.14945597,0.008,0.088816635,Low
ASV21679,0.126218442,0.036,0.273870466,Low
ASV21527,0.143940321,0.03,0.241025992,Low
ASV21512,0.148459393,0.045,0.324674447,Low
ASV21433,0.163519804,0.027,0.227179083,Low
ASV21384,0.144791813,0.014,0.142499133,Low
ASV21346,0.118781481,0.03,0.241025992,Low
ASV2133,0.245731213,0.001,0.018126543,Low
ASV21316,0.188006355,0.002,0.031074074,Low
ASV21211,0.243029022,0.001,0.018126543,Low
ASV21154,0.24519978,0.001,0.018126543,Low
ASV21067,0.211703719,0.001,0.018126543,Low
ASV21062,0.226972085,0.001,0.018126543,Low
ASV21033,0.136145857,0.034,0.263085639,Low
ASV21012,0.136005685,0.037,0.280027062,Low
ASV2100,0.192357909,0.006,0.069916667,Low
ASV20956,0.13281782,0.034,0.263085639,Low
ASV20918,0.301967465,0.001,0.018126543,Low
ASV20644,0.230987253,0.001,0.018126543,Low
ASV20631,0.198056007,0.002,0.031074074,Low
ASV20589,0.15091066,0.01,0.107761468,Low
ASV20564,0.136701571,0.022,0.201255452,Low
ASV20508,0.168613043,0.003,0.041652482,Low
ASV20394,0.151114779,0.008,0.088816635,Low
ASV20348,0.220585872,0.001,0.018126543,Low
ASV20335,0.233421075,0.001,0.018126543,Low
ASV20303,0.135077518,0.041,0.30136796,Low
ASV20261,0.201010491,0.003,0.041652482,Low
ASV20253,0.262608836,0.001,0.018126543,Low
ASV2024,0.125051351,0.041,0.30136796,Low
ASV20228,0.245449233,0.001,0.018126543,Low
ASV20200,0.132257326,0.039,0.290668782,Low
ASV20177,0.141041728,0.03,0.241025992,Low
ASV20176,0.12290287,0.029,0.238205594,Low
ASV20167,0.125382609,0.03,0.241025992,Low
ASV20135,0.265148389,0.001,0.018126543,Low
ASV20094,0.157443496,0.001,0.018126543,Low
ASV20071,0.210169042,0.002,0.031074074,Low
ASV20023,0.183649732,0.003,0.041652482,Low
ASV2000,0.199836328,0.001,0.018126543,Low
ASV19914,0.222946138,0.001,0.018126543,Low
ASV19582,0.139596488,0.028,0.232265537,Low
ASV195,0.208995419,0.001,0.018126543,Low
ASV19460,0.161093711,0.011,0.115983842,Low
ASV19434,0.264078414,0.001,0.018126543,Low
ASV19360,0.149542617,0.032,0.251924933,Low
ASV19212,0.146754709,0.03,0.241025992,Low
ASV19203,0.12925341,0.03,0.241025992,Low
ASV19173,0.166083843,0.009,0.098064935,Low
ASV19149,0.245364724,0.001,0.018126543,Low
ASV19139,0.156315021,0.013,0.134181019,Low
ASV19068,0.164691365,0.005,0.060297741,Low
ASV19033,0.288438028,0.001,0.018126543,Low
ASV18929,0.279949979,0.001,0.018126543,Low
ASV18925,0.166989686,0.003,0.041652482,Low
ASV18902,0.162101968,0.017,0.165026446,Low
ASV18875,0.209474072,0.001,0.018126543,Low
ASV1886,0.178818031,0.017,0.165026446,Low
ASV18752,0.202892552,0.001,0.018126543,Low
ASV18733,0.13281782,0.035,0.267998696,Low
ASV18703,0.215131535,0.001,0.018126543,Low
ASV18586,0.155798187,0.004,0.051517544,Low
ASV18537,0.237020762,0.001,0.018126543,Low
ASV18485,0.284615616,0.001,0.018126543,Low
ASV18480,0.142766431,0.023,0.201911809,Low
ASV18396,0.157296752,0.005,0.060297741,Low
ASV1834,0.141648877,0.033,0.25738247,Low
ASV18327,0.219970028,0.001,0.018126543,Low
ASV18305,0.214212566,0.003,0.041652482,Low
ASV18242,0.14568578,0.031,0.245699055,Low
ASV18208,0.250252393,0.001,0.018126543,Low
ASV18123,0.140967665,0.026,0.220981187,Low
ASV18099,0.144620305,0.028,0.232265537,Low
ASV18044,0.162178559,0.022,0.201255452,Low
ASV17989,0.126246705,0.023,0.201911809,Low
ASV17985,0.207047328,0.006,0.069916667,Low
ASV17975,0.149157107,0.011,0.115983842,Low
ASV17965,0.18108794,0.001,0.018126543,Low
ASV17819,0.17699693,0.003,0.041652482,Low
ASV17765,0.141912642,0.026,0.220981187,Low
ASV17738,0.142971164,0.029,0.238205594,Low
ASV17709,0.142330446,0.029,0.238205594,Low
ASV17667,0.190071394,0.003,0.041652482,Low
ASV17640,0.160814232,0.004,0.051517544,Low
ASV17527,0.165789116,0.009,0.098064935,Low
ASV17510,0.179254398,0.001,0.018126543,Low
ASV17508,0.141251955,0.028,0.232265537,Low
ASV17451,0.21267682,0.002,0.031074074,Low
ASV17370,0.217756196,0.004,0.051517544,Low
ASV17363,0.146144641,0.011,0.115983842,Low
ASV17258,0.199655025,0.001,0.018126543,Low
ASV17211,0.125170415,0.028,0.232265537,Low
ASV17205,0.141251955,0.023,0.201911809,Low
ASV17197,0.117789997,0.045,0.324674447,Low
ASV17182,0.144106812,0.007,0.079059615,Low
ASV17136,0.144620305,0.008,0.088816635,Low
ASV17099,0.265509291,0.001,0.018126543,Low
ASV17077,0.209778631,0.001,0.018126543,Low
ASV17068,0.130375133,0.017,0.165026446,Low
ASV1703,0.220854336,0.001,0.018126543,Low
ASV170,0.18211021,0.002,0.031074074,Low
ASV16864,0.144949526,0.025,0.215285924,Low
ASV16794,0.168526029,0.012,0.124515901,Low
ASV16720,0.138238573,0.023,0.201911809,Low
ASV16695,0.140591927,0.008,0.088816635,Low
ASV1667,0.181299667,0.004,0.051517544,Low
ASV16662,0.138342893,0.007,0.079059615,Low
ASV16545,0.218753676,0.001,0.018126543,Low
ASV1652,0.123501504,0.041,0.30136796,Low
ASV16429,0.132931403,0.042,0.307563591,Low
ASV16402,0.156382273,0.007,0.079059615,Low
ASV16379,0.149363254,0.046,0.33107598,Low
ASV16303,0.14494419,0.023,0.201911809,Low
ASV16223,0.149368832,0.012,0.124515901,Low
ASV16154,0.115694151,0.026,0.220981187,Low
ASV16104,0.187938825,0.005,0.060297741,Low
ASV16083,0.249431629,0.001,0.018126543,Low
ASV16063,0.150408538,0.009,0.098064935,Low
ASV15972,0.21373762,0.001,0.018126543,Low
ASV15957,0.164739711,0.003,0.041652482,Low
ASV15937,0.122449318,0.031,0.245699055,Low
ASV15831,0.162069891,0.001,0.018126543,Low
ASV157,0.274686908,0.001,0.018126543,Low
ASV15649,0.243466762,0.001,0.018126543,Low
ASV15596,0.135803619,0.032,0.251924933,Low
ASV15560,0.20371559,0.002,0.031074074,Low
ASV15532,0.354806705,0.001,0.018126543,Low
ASV15429,0.113149928,0.031,0.245699055,Low
ASV15403,0.136629959,0.017,0.165026446,Low
ASV15396,0.244000061,0.001,0.018126543,Low
ASV15332,0.228812177,0.001,0.018126543,Low
ASV15311,0.230386659,0.001,0.018126543,Low
ASV15305,0.121135268,0.042,0.307563591,Low
ASV15277,0.133033156,0.037,0.280027062,Low
ASV15266,0.21240072,0.001,0.018126543,Low
ASV15237,0.171787296,0.002,0.031074074,Low
ASV1522,0.172968854,0.01,0.107761468,Low
ASV15196,0.203881387,0.006,0.069916667,Low
ASV15036,0.399000221,0.001,0.018126543,Low
ASV14963,0.126000504,0.034,0.263085639,Low
ASV14693,0.259575882,0.001,0.018126543,Low
ASV1466,0.142769241,0.021,0.196077901,Low
ASV14521,0.230301264,0.002,0.031074074,Low
ASV14520,0.171804595,0.016,0.15872973,Low
ASV14168,0.407232117,0.001,0.018126543,Low
ASV14158,0.113779782,0.023,0.201911809,Low
ASV14098,0.168682648,0.019,0.18026979,Low
ASV14040,0.179979843,0.002,0.031074074,Low
ASV1394,0.142971164,0.023,0.201911809,Low
ASV13900,0.156981084,0.01,0.107761468,Low
ASV13873,0.228469974,0.004,0.051517544,Low
ASV13807,0.13387968,0.022,0.201255452,Low
ASV13620,0.150264979,0.015,0.150076661,Low
ASV13615,0.18351649,0.004,0.051517544,Low
ASV13554,0.229662763,0.001,0.018126543,Low
ASV13525,0.15955233,0.001,0.018126543,Low
ASV13472,0.1337103,0.041,0.30136796,Low
ASV13383,0.147957916,0.027,0.227179083,Low
ASV13333,0.14458696,0.022,0.201255452,Low
ASV13330,0.197199628,0.001,0.018126543,Low
ASV13259,0.120648992,0.025,0.215285924,Low
ASV13226,0.17699693,0.002,0.031074074,Low
ASV13139,0.195435352,0.002,0.031074074,Low
ASV12991,0.138041732,0.016,0.15872973,Low
ASV12932,0.150392435,0.007,0.079059615,Low
ASV12906,0.177417442,0.001,0.018126543,Low
ASV12862,0.154038321,0.028,0.232265537,Low
ASV12840,0.152852405,0.018,0.172735294,Low
ASV12728,0.178655885,0.003,0.041652482,Low
ASV12606,0.150359362,0.009,0.098064935,Low
ASV12601,0.169317976,0.019,0.18026979,Low
ASV12583,0.187312611,0.001,0.018126543,Low
ASV12560,0.1949901,0.004,0.051517544,Low
ASV12460,0.131536966,0.036,0.273870466,Low
ASV12359,0.194052529,0.001,0.018126543,Low
ASV12347,0.199552281,0.001,0.018126543,Low
ASV12346,0.143940321,0.035,0.267998696,Low
ASV12329,0.196709651,0.001,0.018126543,Low
ASV1231,0.276563538,0.001,0.018126543,Low
ASV12217,0.229803744,0.001,0.018126543,Low
ASV1219,0.133052282,0.023,0.201911809,Low
ASV12178,0.183645533,0.005,0.060297741,Low
ASV12050,0.199569092,0.005,0.060297741,Low
ASV12016,0.159171913,0.011,0.115983842,Low
ASV11999,0.243087367,0.001,0.018126543,Low
ASV11944,0.1337103,0.023,0.201911809,Low
ASV11909,0.266759158,0.001,0.018126543,Low
ASV11900,0.183280464,0.003,0.041652482,Low
ASV11787,0.194651526,0.002,0.031074074,Low
ASV11740,0.185220336,0.002,0.031074074,Low
ASV11570,0.225516619,0.003,0.041652482,Low
ASV11552,0.202863608,0.001,0.018126543,Low
ASV11531,0.160621998,0.003,0.041652482,Low
ASV11471,0.193677961,0.003,0.041652482,Low
ASV1137,0.133988334,0.032,0.251924933,Low
ASV11292,0.248080907,0.001,0.018126543,Low
ASV11285,0.189697577,0.001,0.018126543,Low
ASV11233,0.139542477,0.015,0.150076661,Low
ASV11058,0.237216376,0.001,0.018126543,Low
ASV11028,0.125723626,0.048,0.341701818,Low
ASV11016,0.183121233,0.001,0.018126543,Low
ASV10861,0.146150846,0.039,0.290668782,Low
ASV10829,0.171630443,0.001,0.018126543,Low
ASV10825,0.170139401,0.004,0.051517544,Low
ASV10806,0.170073924,0.006,0.069916667,Low
ASV10782,0.284593483,0.001,0.018126543,Low
ASV10496,0.233082149,0.001,0.018126543,Low
ASV1049,0.172298508,0.004,0.051517544,Low
ASV10475,0.146076072,0.029,0.238205594,Low
ASV10444,0.252576264,0.001,0.018126543,Low
ASV10303,0.154171219,0.007,0.079059615,Low
ASV10252,0.165068621,0.005,0.060297741,Low
ASV10238,0.13741365,0.017,0.165026446,Low
ASV10199,0.275426915,0.001,0.018126543,Low
ASV10198,0.148134593,0.045,0.324674447,Low
ASV10090,0.12675154,0.025,0.215285924,Low
ASV9968,0.340852278,0.001,0.018126543,High
ASV9783,0.233512003,0.001,0.018126543,High
ASV9760,0.16993177,0.011,0.115983842,High
ASV9636,0.137483784,0.038,0.285754161,High
ASV9626,0.211112011,0.004,0.051517544,High
ASV9588,0.15106646,0.038,0.285754161,High
ASV9484,0.291327346,0.001,0.018126543,High
ASV9436,0.163943608,0.014,0.142499133,High
ASV9324,0.431304158,0.001,0.018126543,High
ASV9249,0.440338173,0.001,0.018126543,High
ASV9227,0.206543871,0.002,0.031074074,High
ASV9224,0.268238589,0.001,0.018126543,High
ASV9222,0.276892688,0.001,0.018126543,High
ASV9199,0.202253489,0.006,0.069916667,High
ASV9153,0.296997612,0.001,0.018126543,High
ASV9139,0.224441906,0.001,0.018126543,High
ASV913,0.314315264,0.001,0.018126543,High
ASV9126,0.303741588,0.001,0.018126543,High
ASV9054,0.194897177,0.005,0.060297741,High
ASV9042,0.229624952,0.002,0.031074074,High
ASV9022,0.172276788,0.015,0.150076661,High
ASV9002,0.208334054,0.002,0.031074074,High
ASV8886,0.254680787,0.001,0.018126543,High
ASV8847,0.445954799,0.001,0.018126543,High
ASV8701,0.160799848,0.024,0.208817778,High
ASV8696,0.198593673,0.005,0.060297741,High
ASV8682,0.164905101,0.018,0.172735294,High
ASV8664,0.167147003,0.011,0.115983842,High
ASV8605,0.26532697,0.001,0.018126543,High
ASV8597,0.208807477,0.004,0.051517544,High
ASV8437,0.239976372,0.003,0.041652482,High
ASV8426,0.233434467,0.004,0.051517544,High
ASV8361,0.150706358,0.04,0.296616162,High
ASV8236,0.336611697,0.001,0.018126543,High
ASV8222,0.152830657,0.045,0.324674447,High
ASV8164,0.257210249,0.001,0.018126543,High
ASV816,0.254144692,0.001,0.018126543,High
ASV808,0.157887022,0.024,0.208817778,High
ASV8061,0.223230531,0.001,0.018126543,High
ASV8011,0.235443041,0.001,0.018126543,High
ASV7994,0.157694971,0.032,0.251924933,High
ASV7940,0.145343367,0.045,0.324674447,High
ASV7920,0.477514939,0.001,0.018126543,High
ASV7912,0.276732829,0.001,0.018126543,High
ASV7884,0.225326229,0.002,0.031074074,High
ASV7851,0.266446199,0.001,0.018126543,High
ASV7846,0.256729476,0.001,0.018126543,High
ASV784,0.239921872,0.001,0.018126543,High
ASV7764,0.167776745,0.016,0.15872973,High
ASV7727,0.218606058,0.002,0.031074074,High
ASV7687,0.278417365,0.001,0.018126543,High
ASV7629,0.364045476,0.001,0.018126543,High
ASV7627,0.14668635,0.039,0.290668782,High
ASV7596,0.180131203,0.014,0.142499133,High
ASV7565,0.204225974,0.004,0.051517544,High
ASV7441,0.246436603,0.001,0.018126543,High
ASV7361,0.145038031,0.017,0.165026446,High
ASV7294,0.24505341,0.001,0.018126543,High
ASV7264,0.164070105,0.026,0.220981187,High
ASV7049,0.217243043,0.002,0.031074074,High
ASV7033,0.15039316,0.027,0.227179083,High
ASV6971,0.17374599,0.017,0.165026446,High
ASV6967,0.155854911,0.024,0.208817778,High
ASV6942,0.230417851,0.001,0.018126543,High
ASV686,0.201590818,0.004,0.051517544,High
ASV6706,0.194701806,0.005,0.060297741,High
ASV6624,0.30569686,0.001,0.018126543,High
ASV6457,0.331535744,0.001,0.018126543,High
ASV6442,0.166726916,0.02,0.187936,High
ASV6350,0.155316645,0.035,0.267998696,High
ASV6318,0.300752971,0.001,0.018126543,High
ASV6240,0.185395881,0.002,0.031074074,High
ASV623,0.355861904,0.001,0.018126543,High
ASV6134,0.479332867,0.001,0.018126543,High
ASV6117,0.225464572,0.002,0.031074074,High
ASV605,0.534807204,0.001,0.018126543,High
ASV5969,0.199071593,0.006,0.069916667,High
ASV5968,0.220602907,0.003,0.041652482,High
ASV5926,0.171897901,0.017,0.165026446,High
ASV5906,0.186064273,0.01,0.107761468,High
ASV5879,0.167421645,0.014,0.142499133,High
ASV5871,0.178464003,0.02,0.187936,High
ASV5804,0.428701768,0.001,0.018126543,High
ASV5771,0.258166414,0.001,0.018126543,High
ASV5608,0.190079216,0.007,0.079059615,High
ASV5577,0.190856905,0.007,0.079059615,High
ASV5558,0.167397501,0.023,0.201911809,High
ASV552,0.208417825,0.003,0.041652482,High
ASV5418,0.309567044,0.001,0.018126543,High
ASV541,0.292936375,0.001,0.018126543,High
ASV5363,0.186785249,0.004,0.051517544,High
ASV5318,0.150026793,0.047,0.335804136,High
ASV5274,0.149393415,0.047,0.335804136,High
ASV5257,0.204653316,0.005,0.060297741,High
ASV5234,0.280388964,0.001,0.018126543,High
ASV512,0.33648547,0.001,0.018126543,High
ASV5095,0.177212887,0.013,0.134181019,High
ASV504,0.17496583,0.009,0.098064935,High
ASV5025,0.179113005,0.002,0.031074074,High
ASV50,0.293169788,0.001,0.018126543,High
ASV4993,0.213887475,0.003,0.041652482,High
ASV4887,0.153917575,0.024,0.208817778,High
ASV4830,0.217984694,0.001,0.018126543,High
ASV4804,0.229130095,0.001,0.018126543,High
ASV4707,0.526703662,0.001,0.018126543,High
ASV4670,0.524734038,0.001,0.018126543,High
ASV4664,0.232863301,0.004,0.051517544,High
ASV4586,0.192063776,0.005,0.060297741,High
ASV4271,0.216177136,0.004,0.051517544,High
ASV4259,0.210838575,0.001,0.018126543,High
ASV4202,0.300061219,0.001,0.018126543,High
ASV420,0.410388502,0.001,0.018126543,High
ASV4191,0.197712685,0.005,0.060297741,High
ASV4174,0.223855759,0.001,0.018126543,High
ASV4148,0.238765876,0.001,0.018126543,High
ASV4060,0.240121572,0.001,0.018126543,High
ASV4030,0.366797022,0.001,0.018126543,High
ASV3897,0.163521855,0.014,0.142499133,High
ASV3895,0.13645827,0.045,0.324674447,High
ASV3867,0.143400344,0.038,0.285754161,High
ASV3860,0.283749915,0.001,0.018126543,High
ASV3779,0.232289851,0.001,0.018126543,High
ASV3668,0.163502176,0.019,0.18026979,High
ASV366,0.319033451,0.001,0.018126543,High
ASV365,0.174620819,0.012,0.124515901,High
ASV3639,0.150664416,0.035,0.267998696,High
ASV3633,0.201148187,0.005,0.060297741,High
ASV3615,0.141121297,0.042,0.307563591,High
ASV3490,0.14706493,0.026,0.220981187,High
ASV3423,0.409982437,0.001,0.018126543,High
ASV3406,0.250429459,0.001,0.018126543,High
ASV3404,0.186880245,0.008,0.088816635,High
ASV3376,0.165915512,0.006,0.069916667,High
ASV3360,0.205596636,0.003,0.041652482,High
ASV3276,0.271221867,0.001,0.018126543,High
ASV3268,0.174300592,0.011,0.115983842,High
ASV3225,0.145425387,0.036,0.273870466,High
ASV3144,0.175351502,0.015,0.150076661,High
ASV3123,0.321828325,0.001,0.018126543,High
ASV2986,0.491378543,0.001,0.018126543,High
ASV2984,0.384563782,0.001,0.018126543,High
ASV2797,0.170854333,0.004,0.051517544,High
ASV2774,0.173789752,0.005,0.060297741,High
ASV2769,0.223141296,0.001,0.018126543,High
ASV2702,0.156216251,0.039,0.290668782,High
ASV2663,0.195542637,0.002,0.031074074,High
ASV2605,0.290902019,0.001,0.018126543,High
ASV257,0.206569294,0.002,0.031074074,High
ASV2525,0.169987421,0.012,0.124515901,High
ASV2508,0.223288625,0.001,0.018126543,High
ASV2501,0.358076055,0.001,0.018126543,High
ASV2467,0.255963486,0.001,0.018126543,High
ASV2445,0.151828083,0.048,0.341701818,High
ASV23948,0.428089194,0.001,0.018126543,High
ASV23867,0.19065201,0.006,0.069916667,High
ASV23837,0.188705872,0.004,0.051517544,High
ASV23761,0.141044439,0.05,0.354649758,High
ASV23659,0.271642318,0.001,0.018126543,High
ASV23566,0.226857638,0.001,0.018126543,High
ASV23527,0.340634842,0.001,0.018126543,High
ASV23512,0.144226324,0.017,0.165026446,High
ASV2351,0.311302664,0.001,0.018126543,High
ASV23509,0.50461474,0.001,0.018126543,High
ASV23507,0.44386965,0.001,0.018126543,High
ASV23488,0.232852596,0.002,0.031074074,High
ASV23487,0.142197234,0.048,0.341701818,High
ASV23445,0.392702167,0.001,0.018126543,High
ASV23315,0.18218213,0.016,0.15872973,High
ASV23274,0.122282104,0.04,0.296616162,High
ASV23241,0.365252654,0.001,0.018126543,High
ASV23210,0.166537627,0.023,0.201911809,High
ASV23197,0.201684197,0.005,0.060297741,High
ASV23175,0.146133876,0.031,0.245699055,High
ASV23042,0.191801216,0.007,0.079059615,High
ASV23033,0.327730291,0.001,0.018126543,High
ASV2295,0.252442405,0.001,0.018126543,High
ASV22945,0.234616391,0.001,0.018126543,High
ASV22938,0.444997449,0.001,0.018126543,High
ASV22789,0.209726024,0.002,0.031074074,High
ASV22780,0.188154209,0.002,0.031074074,High
ASV2276,0.125367414,0.013,0.134181019,High
ASV22737,0.159140052,0.019,0.18026979,High
ASV22724,0.208209932,0.004,0.051517544,High
ASV22699,0.164447564,0.017,0.165026446,High
ASV22628,0.194853893,0.005,0.060297741,High
ASV22618,0.156309374,0.014,0.142499133,High
ASV22434,0.376016829,0.001,0.018126543,High
ASV22302,0.21423549,0.003,0.041652482,High
ASV22292,0.459704534,0.001,0.018126543,High
ASV22260,0.248491014,0.002,0.031074074,High
ASV21945,0.163808806,0.049,0.347977025,High
ASV21777,0.362540024,0.001,0.018126543,High
ASV21726,0.236483619,0.001,0.018126543,High
ASV21676,0.554161918,0.001,0.018126543,High
ASV21655,0.211310519,0.003,0.041652482,High
ASV21648,0.251993096,0.001,0.018126543,High
ASV21571,0.451712522,0.001,0.018126543,High
ASV21539,0.149521021,0.036,0.273870466,High
ASV21535,0.188708108,0.008,0.088816635,High
ASV21518,0.211403631,0.005,0.060297741,High
ASV21332,0.335500766,0.001,0.018126543,High
ASV21270,0.163960547,0.023,0.201911809,High
ASV21269,0.25014805,0.001,0.018126543,High
ASV21231,0.153740252,0.028,0.232265537,High
ASV21223,0.168410846,0.016,0.15872973,High
ASV21192,0.214251619,0.003,0.041652482,High
ASV21176,0.277124295,0.001,0.018126543,High
ASV21170,0.151174236,0.03,0.241025992,High
ASV21051,0.148948917,0.032,0.251924933,High
ASV21050,0.2934825,0.001,0.018126543,High
ASV210,0.231148518,0.001,0.018126543,High
ASV20818,0.160944975,0.017,0.165026446,High
ASV20782,0.212643433,0.003,0.041652482,High
ASV20768,0.257078901,0.001,0.018126543,High
ASV20735,0.263227403,0.001,0.018126543,High
ASV20725,0.234572544,0.001,0.018126543,High
ASV20608,0.154934566,0.021,0.196077901,High
ASV20554,0.228939211,0.001,0.018126543,High
ASV20542,0.571028884,0.001,0.018126543,High
ASV20413,0.207680555,0.005,0.060297741,High
ASV20404,0.187682174,0.01,0.107761468,High
ASV20360,0.244180766,0.001,0.018126543,High
ASV20147,0.313403897,0.001,0.018126543,High
ASV20046,0.18179606,0.007,0.079059615,High
ASV19998,0.256035173,0.001,0.018126543,High
ASV19995,0.566624623,0.001,0.018126543,High
ASV19991,0.201165104,0.006,0.069916667,High
ASV19976,0.195338334,0.01,0.107761468,High
ASV19877,0.284483937,0.001,0.018126543,High
ASV19823,0.3352001,0.001,0.018126543,High
ASV19738,0.13881465,0.045,0.324674447,High
ASV19702,0.221915024,0.001,0.018126543,High
ASV19626,0.198763002,0.005,0.060297741,High
ASV19566,0.287853347,0.001,0.018126543,High
ASV1956,0.183640956,0.008,0.088816635,High
ASV19558,0.204854964,0.005,0.060297741,High
ASV19547,0.412791644,0.001,0.018126543,High
ASV19516,0.164200449,0.031,0.245699055,High
ASV19341,0.168860139,0.015,0.150076661,High
ASV19332,0.22404358,0.001,0.018126543,High
ASV19330,0.418480977,0.001,0.018126543,High
ASV19298,0.167106986,0.007,0.079059615,High
ASV19274,0.246068022,0.001,0.018126543,High
ASV19198,0.157808098,0.015,0.150076661,High
ASV1916,0.145235851,0.034,0.263085639,High
ASV19148,0.403883658,0.001,0.018126543,High
ASV19100,0.257687626,0.001,0.018126543,High
ASV19096,0.153328367,0.039,0.290668782,High
ASV19062,0.200076454,0.002,0.031074074,High
ASV18984,0.287465834,0.001,0.018126543,High
ASV18963,0.212308685,0.001,0.018126543,High
ASV18853,0.264011265,0.001,0.018126543,High
ASV18717,0.194776794,0.003,0.041652482,High
ASV18676,0.265899509,0.001,0.018126543,High
ASV18661,0.25798307,0.001,0.018126543,High
ASV18633,0.340873031,0.001,0.018126543,High
ASV18631,0.242098678,0.001,0.018126543,High
ASV18612,0.202499715,0.004,0.051517544,High
ASV18522,0.242630107,0.001,0.018126543,High
ASV18507,0.448883094,0.001,0.018126543,High
ASV18410,0.163605505,0.025,0.215285924,High
ASV18301,0.194361138,0.006,0.069916667,High
ASV18286,0.350988009,0.001,0.018126543,High
ASV18275,0.394094604,0.001,0.018126543,High
ASV18212,0.200669095,0.001,0.018126543,High
ASV18092,0.345324269,0.001,0.018126543,High
ASV18010,0.294069963,0.001,0.018126543,High
ASV17936,0.171528298,0.017,0.165026446,High
ASV17926,0.207814239,0.003,0.041652482,High
ASV17686,0.150733182,0.037,0.280027062,High
ASV17621,0.223495874,0.002,0.031074074,High
ASV17584,0.291064592,0.001,0.018126543,High
ASV17466,0.144418063,0.038,0.285754161,High
ASV17351,0.162332589,0.02,0.187936,High
ASV17338,0.229828837,0.002,0.031074074,High
ASV17334,0.21474383,0.004,0.051517544,High
ASV17253,0.243757439,0.001,0.018126543,High
ASV17172,0.160205679,0.031,0.245699055,High
ASV17149,0.175511166,0.005,0.060297741,High
ASV17118,0.166469334,0.035,0.267998696,High
ASV17083,0.159348395,0.03,0.241025992,High
ASV17017,0.407658179,0.001,0.018126543,High
ASV16896,0.206714023,0.003,0.041652482,High
ASV16846,0.333417889,0.001,0.018126543,High
ASV16731,0.269491912,0.001,0.018126543,High
ASV16703,0.152273147,0.033,0.25738247,High
ASV16634,0.207669082,0.003,0.041652482,High
ASV16512,0.440943423,0.001,0.018126543,High
ASV16394,0.20584855,0.001,0.018126543,High
ASV16389,0.135875744,0.047,0.335804136,High
ASV16349,0.256567361,0.001,0.018126543,High
ASV16322,0.42399931,0.001,0.018126543,High
ASV16283,0.174175409,0.012,0.124515901,High
ASV16264,0.313245898,0.001,0.018126543,High
ASV1617,0.226939043,0.003,0.041652482,High
ASV16099,0.407203058,0.001,0.018126543,High
ASV16086,0.303152719,0.001,0.018126543,High
ASV15994,0.255096608,0.001,0.018126543,High
ASV15913,0.388045166,0.001,0.018126543,High
ASV15867,0.213603523,0.003,0.041652482,High
ASV15842,0.166562638,0.006,0.069916667,High
ASV15838,0.152830287,0.041,0.30136796,High
ASV15714,0.240411588,0.002,0.031074074,High
ASV15632,0.205282435,0.001,0.018126543,High
ASV15576,0.213443126,0.002,0.031074074,High
ASV15516,0.236578545,0.001,0.018126543,High
ASV15488,0.230195446,0.001,0.018126543,High
ASV15248,0.351892204,0.001,0.018126543,High
ASV15198,0.352647014,0.001,0.018126543,High
ASV15158,0.190699578,0.005,0.060297741,High
ASV15156,0.239279689,0.001,0.018126543,High
ASV15134,0.159130863,0.023,0.201911809,High
ASV15080,0.106964341,0.014,0.142499133,High
ASV15048,0.191092104,0.006,0.069916667,High
ASV14975,0.370921575,0.001,0.018126543,High
ASV1494,0.136551901,0.041,0.30136796,High
ASV14847,0.351731821,0.001,0.018126543,High
ASV14799,0.188459732,0.002,0.031074074,High
ASV14753,0.225042478,0.003,0.041652482,High
ASV14739,0.155110341,0.019,0.18026979,High
ASV14728,0.25212239,0.001,0.018126543,High
ASV14690,0.207333978,0.002,0.031074074,High
ASV14643,0.172781315,0.014,0.142499133,High
ASV14635,0.342052291,0.001,0.018126543,High
ASV14576,0.577196667,0.001,0.018126543,High
ASV14505,0.183717329,0.004,0.051517544,High
ASV14431,0.646536017,0.001,0.018126543,High
ASV14426,0.207752629,0.003,0.041652482,High
ASV14419,0.272743167,0.001,0.018126543,High
ASV14389,0.354610981,0.001,0.018126543,High
ASV14244,0.204723529,0.001,0.018126543,High
ASV14201,0.19757466,0.007,0.079059615,High
ASV14180,0.193878676,0.005,0.060297741,High
ASV14064,0.159514119,0.011,0.115983842,High
ASV14061,0.250833561,0.003,0.041652482,High
ASV14010,0.37191252,0.001,0.018126543,High
ASV14001,0.312939188,0.001,0.018126543,High
ASV13995,0.205374972,0.004,0.051517544,High
ASV13740,0.293909052,0.001,0.018126543,High
ASV13694,0.158940827,0.031,0.245699055,High
ASV13662,0.313560677,0.001,0.018126543,High
ASV13636,0.212212885,0.003,0.041652482,High
ASV13574,0.372583644,0.001,0.018126543,High
ASV1341,0.244003788,0.001,0.018126543,High
ASV13378,0.435039555,0.001,0.018126543,High
ASV13350,0.158604939,0.012,0.124515901,High
ASV13301,0.211434482,0.004,0.051517544,High
ASV13221,0.162519076,0.018,0.172735294,High
ASV13209,0.377332061,0.001,0.018126543,High
ASV13104,0.300741248,0.001,0.018126543,High
ASV13054,0.4554119,0.001,0.018126543,High
ASV13033,0.259563302,0.001,0.018126543,High
ASV13030,0.232102041,0.002,0.031074074,High
ASV12776,0.295415609,0.001,0.018126543,High
ASV12768,0.154915956,0.029,0.238205594,High
ASV12726,0.367178207,0.001,0.018126543,High
ASV12632,0.200108855,0.005,0.060297741,High
ASV12615,0.238322226,0.001,0.018126543,High
ASV1243,0.344983742,0.001,0.018126543,High
ASV12424,0.245071976,0.001,0.018126543,High
ASV12338,0.164008576,0.027,0.227179083,High
ASV12323,0.176764301,0.005,0.060297741,High
ASV1232,0.465263589,0.001,0.018126543,High
ASV12304,0.143911422,0.049,0.347977025,High
ASV12249,0.282299856,0.001,0.018126543,High
ASV12226,0.293045672,0.001,0.018126543,High
ASV12211,0.21988169,0.001,0.018126543,High
ASV12077,0.178071335,0.02,0.187936,High
ASV11877,0.311546019,0.001,0.018126543,High
ASV11836,0.134987607,0.047,0.335804136,High
ASV11830,0.162471282,0.002,0.031074074,High
ASV11795,0.245565531,0.001,0.018126543,High
ASV11746,0.293703829,0.001,0.018126543,High
ASV11687,0.242934287,0.001,0.018126543,High
ASV11684,0.148904863,0.044,0.320213135,High
ASV1165,0.392498494,0.001,0.018126543,High
ASV11637,0.162204868,0.02,0.187936,High
ASV1163,0.197965868,0.006,0.069916667,High
ASV11620,0.245724961,0.001,0.018126543,High
ASV11576,0.157094825,0.028,0.232265537,High
ASV1149,0.187446258,0.007,0.079059615,High
ASV11414,0.136462724,0.047,0.335804136,High
ASV11317,0.146824414,0.039,0.290668782,High
ASV11209,0.169360802,0.018,0.172735294,High
ASV11202,0.141957266,0.02,0.187936,High
ASV11095,0.393600174,0.001,0.018126543,High
ASV11048,0.180700063,0.015,0.150076661,High
ASV10969,0.307147062,0.001,0.018126543,High
ASV10958,0.157462687,0.023,0.201911809,High
ASV10944,0.263874797,0.001,0.018126543,High
ASV10882,0.148884346,0.035,0.267998696,High
ASV10791,0.400806696,0.001,0.018126543,High
ASV10763,0.199389369,0.006,0.069916667,High
ASV10676,0.195446468,0.009,0.098064935,High
ASV10559,0.162469914,0.028,0.232265537,High
ASV10513,0.385644466,0.001,0.018126543,High
ASV10504,0.204264872,0.006,0.069916667,High
ASV10345,0.18469089,0.004,0.051517544,High
ASV10291,0.332211138,0.001,0.018126543,High
ASV10217,0.161036408,0.018,0.172735294,High
ASV10184,0.14879376,0.044,0.320213135,High
ASV10173,0.370343306,0.001,0.018126543,High
ASV10139,0.23666239,0.001,0.018126543,High
ASV10137,0.137907166,0.047,0.335804136,High
ASV10135,0.152225274,0.028,0.232265537,High
ASV10106,0.264680228,0.001,0.018126543,High