Latitude,Longitude,Distance,Station
26.997,-79.618,offshore,27N
26.997,-79.618,offshore,27N
26.997,-79.618,offshore,27N
26.997,-79.618,offshore,27N
26.997,-79.618,offshore,27N
26.997,-79.618,offshore,27N
26.997,-79.618,offshore,27N
26.997,-79.618,offshore,27N
26.994,-79.859,offshore,27N
26.994,-79.859,offshore,27N
26.994,-79.859,offshore,27N
26.994,-79.859,offshore,27N
26.994,-79.859,offshore,27N
26.994,-79.859,offshore,27N
26.994,-79.859,offshore,27N
26.994,-79.859,offshore,27N
26.994,-79.859,offshore,27N
26.991,-79.987,inshore,27N
26.991,-79.987,inshore,27N
26.991,-79.987,inshore,27N
26.991,-79.987,inshore,27N
26.991,-79.987,inshore,27N
26.991,-79.987,inshore,27N
26.991,-79.987,inshore,27N
26.991,-79.987,inshore,27N
26.991,-79.987,inshore,27N
26.061,-96.807,inshore,BROWNSVILLE
26.061,-96.807,inshore,BROWNSVILLE
26.061,-96.807,inshore,BROWNSVILLE
26.061,-96.807,inshore,BROWNSVILLE
26.061,-96.807,inshore,BROWNSVILLE
26.061,-96.807,inshore,BROWNSVILLE
26.061,-96.807,inshore,BROWNSVILLE
26.061,-96.807,inshore,BROWNSVILLE
26.061,-96.807,inshore,BROWNSVILLE
26.059,-96.082,offshore,BROWNSVILLE
26.059,-96.082,offshore,BROWNSVILLE
26.059,-96.082,offshore,BROWNSVILLE
26.059,-96.082,offshore,BROWNSVILLE
26.059,-96.082,offshore,BROWNSVILLE
26.059,-96.082,offshore,BROWNSVILLE
26.059,-96.082,offshore,BROWNSVILLE
26.059,-96.082,offshore,BROWNSVILLE
26.059,-96.082,offshore,BROWNSVILLE
26.058,-94.197,offshore,BROWNSVILLE
26.058,-94.197,offshore,BROWNSVILLE
26.058,-94.197,offshore,BROWNSVILLE
26.058,-94.197,offshore,BROWNSVILLE
26.058,-94.197,offshore,BROWNSVILLE
26.058,-94.197,offshore,BROWNSVILLE
26.058,-94.197,offshore,BROWNSVILLE
26.058,-94.197,offshore,BROWNSVILLE
26.058,-94.197,offshore,BROWNSVILLE
22,-92.917,offshore,CAMPECHE
22,-92.917,offshore,CAMPECHE
22,-92.917,offshore,CAMPECHE
22,-92.917,offshore,CAMPECHE
22,-92.917,offshore,CAMPECHE
22,-92.917,offshore,CAMPECHE
22,-92.917,offshore,CAMPECHE
22,-92.917,offshore,CAMPECHE
22,-92.917,offshore,CAMPECHE
21.733,-92.318,inshore,CAMPECHE
21.733,-92.318,inshore,CAMPECHE
21.733,-92.318,inshore,CAMPECHE
21.733,-92.318,inshore,CAMPECHE
21.733,-92.318,inshore,CAMPECHE
21.733,-92.318,inshore,CAMPECHE
21.733,-92.318,inshore,CAMPECHE
21.733,-92.318,inshore,CAMPECHE
21.733,-92.318,inshore,CAMPECHE
21.167,-90.768,inshore,CAMPECHE
21.167,-90.768,inshore,CAMPECHE
21.167,-90.768,inshore,CAMPECHE
21.167,-90.768,inshore,CAMPECHE
21.167,-90.768,inshore,CAMPECHE
21.167,-90.768,inshore,CAMPECHE
21.591,-86.503,inshore,CANCUN
21.591,-86.503,inshore,CANCUN
21.591,-86.503,inshore,CANCUN
21.591,-86.503,inshore,CANCUN
21.591,-86.503,inshore,CANCUN
21.591,-86.503,inshore,CANCUN
21.591,-86.503,inshore,CANCUN
21.591,-86.503,inshore,CANCUN
21.591,-86.503,inshore,CANCUN
21.633,-86.242,offshore,CANCUN
21.633,-86.242,offshore,CANCUN
21.633,-86.242,offshore,CANCUN
21.633,-86.242,offshore,CANCUN
21.633,-86.242,offshore,CANCUN
21.633,-86.242,offshore,CANCUN
21.633,-86.242,offshore,CANCUN
21.633,-86.242,offshore,CANCUN
21.633,-86.242,offshore,CANCUN
26.729,-83.101,inshore,CAPECORAL
26.729,-83.101,inshore,CAPECORAL
26.729,-83.101,inshore,CAPECORAL
26.729,-83.101,inshore,CAPECORAL
26.729,-83.101,inshore,CAPECORAL
26.729,-83.101,inshore,CAPECORAL
26.729,-83.101,inshore,CAPECORAL
26.729,-83.101,inshore,CAPECORAL
26.729,-83.101,inshore,CAPECORAL
26.62,-83.24,inshore,CAPECORAL
26.62,-83.24,inshore,CAPECORAL
26.62,-83.24,inshore,CAPECORAL
26.62,-83.24,inshore,CAPECORAL
26.62,-83.24,inshore,CAPECORAL
26.62,-83.24,inshore,CAPECORAL
26.62,-83.24,inshore,CAPECORAL
26.62,-83.24,inshore,CAPECORAL
26.62,-83.24,inshore,CAPECORAL
26.259,-83.806,inshore,CAPECORAL
26.259,-83.806,inshore,CAPECORAL
26.259,-83.806,inshore,CAPECORAL
26.259,-83.806,inshore,CAPECORAL
26.259,-83.806,inshore,CAPECORAL
26.259,-83.806,inshore,CAPECORAL
26.259,-83.806,inshore,CAPECORAL
26.259,-83.806,inshore,CAPECORAL
26.259,-83.806,inshore,CAPECORAL
25.658,-84.715,offshore,CAPECORAL
25.658,-84.715,offshore,CAPECORAL
25.658,-84.715,offshore,CAPECORAL
25.658,-84.715,offshore,CAPECORAL
25.658,-84.715,offshore,CAPECORAL
25.658,-84.715,offshore,CAPECORAL
25.658,-84.715,offshore,CAPECORAL
25.658,-84.715,offshore,CAPECORAL
25.658,-84.715,offshore,CAPECORAL
25.574,-84.843,offshore,CAPECORAL
25.574,-84.843,offshore,CAPECORAL
25.574,-84.843,offshore,CAPECORAL
25.574,-84.843,offshore,CAPECORAL
25.574,-84.843,offshore,CAPECORAL
25.574,-84.843,offshore,CAPECORAL
25.574,-84.843,offshore,CAPECORAL
25.574,-84.843,offshore,CAPECORAL
25.574,-84.843,offshore,CAPECORAL
23.088,-86.273,offshore,CATOCHE
23.088,-86.273,offshore,CATOCHE
23.088,-86.273,offshore,CATOCHE
23.088,-86.273,offshore,CATOCHE
23.088,-86.273,offshore,CATOCHE
23.088,-86.273,offshore,CATOCHE
23.088,-86.273,offshore,CATOCHE
23.088,-86.273,offshore,CATOCHE
23.088,-86.273,offshore,CATOCHE
22.734,-86.49,offshore,CATOCHE
22.734,-86.49,offshore,CATOCHE
22.734,-86.49,offshore,CATOCHE
22.734,-86.49,offshore,CATOCHE
22.734,-86.49,offshore,CATOCHE
22.734,-86.49,offshore,CATOCHE
22.734,-86.49,offshore,CATOCHE
22.734,-86.49,offshore,CATOCHE
22.734,-86.49,offshore,CATOCHE
21.948,-86.992,inshore,CATOCHE
21.948,-86.992,inshore,CATOCHE
21.948,-86.992,inshore,CATOCHE
21.948,-86.992,inshore,CATOCHE
21.948,-86.992,inshore,CATOCHE
21.948,-86.992,inshore,CATOCHE
21.948,-86.992,inshore,CATOCHE
21.948,-86.992,inshore,CATOCHE
21.948,-86.992,inshore,CATOCHE
24.4,-80.625,offshore,FLSTRAITS
24.4,-80.625,offshore,FLSTRAITS
24.4,-80.625,offshore,FLSTRAITS
24.4,-80.625,offshore,FLSTRAITS
24.4,-80.625,offshore,FLSTRAITS
24.4,-80.625,offshore,FLSTRAITS
24.4,-80.625,offshore,FLSTRAITS
24.4,-80.625,offshore,FLSTRAITS
24.4,-80.625,offshore,FLSTRAITS
24.517,-80.63,offshore,FLSTRAITS
24.517,-80.63,offshore,FLSTRAITS
24.517,-80.63,offshore,FLSTRAITS
24.517,-80.63,offshore,FLSTRAITS
24.517,-80.63,offshore,FLSTRAITS
24.517,-80.63,offshore,FLSTRAITS
24.517,-80.63,offshore,FLSTRAITS
24.517,-80.63,offshore,FLSTRAITS
24.517,-80.63,offshore,FLSTRAITS
24.735,-80.622,inshore,FLSTRAITS
24.735,-80.622,inshore,FLSTRAITS
24.735,-80.622,inshore,FLSTRAITS
24.735,-80.622,inshore,FLSTRAITS
24.735,-80.622,inshore,FLSTRAITS
24.735,-80.622,inshore,FLSTRAITS
24.735,-80.622,inshore,FLSTRAITS
24.735,-80.622,inshore,FLSTRAITS
24.735,-80.622,inshore,FLSTRAITS
27.92,-93.579,inshore,GALVESTON
27.92,-93.579,inshore,GALVESTON
27.92,-93.579,inshore,GALVESTON
27.92,-93.579,inshore,GALVESTON
27.92,-93.579,inshore,GALVESTON
27.92,-93.579,inshore,GALVESTON
27.92,-93.579,inshore,GALVESTON
27.92,-93.579,inshore,GALVESTON
27.92,-93.579,inshore,GALVESTON
27.87,-93.831,inshore,GALVESTON
27.87,-93.831,inshore,GALVESTON
27.87,-93.831,inshore,GALVESTON
27.87,-93.831,inshore,GALVESTON
27.87,-93.831,inshore,GALVESTON
27.87,-93.831,inshore,GALVESTON
27.87,-93.831,inshore,GALVESTON
27.87,-93.831,inshore,GALVESTON
27.87,-93.831,inshore,GALVESTON
27.5,-95.004,offshore,GALVESTON
27.5,-95.004,offshore,GALVESTON
27.5,-95.004,offshore,GALVESTON
27.5,-95.004,offshore,GALVESTON
27.5,-95.004,offshore,GALVESTON
27.5,-95.004,offshore,GALVESTON
27.5,-95.004,offshore,GALVESTON
27.5,-95.004,offshore,GALVESTON
27.5,-95.004,offshore,GALVESTON
28.683,-95,inshore,GALVESTON
28.683,-95,inshore,GALVESTON
28.683,-95,inshore,GALVESTON
28.683,-95,inshore,GALVESTON
28.683,-95,inshore,GALVESTON
28.683,-95,inshore,GALVESTON
28.683,-95,inshore,GALVESTON
28.683,-95,inshore,GALVESTON
28.683,-95,inshore,GALVESTON
27.584,-89.999,offshore,LA
27.584,-89.999,offshore,LA
27.584,-89.999,offshore,LA
27.584,-89.999,offshore,LA
27.584,-89.999,offshore,LA
27.584,-89.999,offshore,LA
27.584,-89.999,offshore,LA
27.584,-89.999,offshore,LA
27.584,-89.999,offshore,LA
27.737,-89.999,offshore,LA
27.737,-89.999,offshore,LA
27.737,-89.999,offshore,LA
27.737,-89.999,offshore,LA
27.737,-89.999,offshore,LA
27.737,-89.999,offshore,LA
27.737,-89.999,offshore,LA
27.737,-89.999,offshore,LA
27.737,-89.999,offshore,LA
27.91,-90.001,offshore,LA
27.91,-90.001,offshore,LA
27.91,-90.001,offshore,LA
27.91,-90.001,offshore,LA
27.91,-90.001,offshore,LA
27.91,-90.001,offshore,LA
27.91,-90.001,offshore,LA
27.91,-90.001,offshore,LA
27.91,-90.001,offshore,LA
28.935,-90.123,inshore,LA
28.935,-90.123,inshore,LA
28.935,-90.123,inshore,LA
28.935,-90.123,inshore,LA
28.935,-90.123,inshore,LA
28.935,-90.123,inshore,LA
28.935,-90.123,inshore,LA
28.935,-90.123,inshore,LA
28.935,-90.123,inshore,LA
21.701,-89.667,inshore,MERIDA
21.701,-89.667,inshore,MERIDA
21.701,-89.667,inshore,MERIDA
21.701,-89.667,inshore,MERIDA
21.701,-89.667,inshore,MERIDA
21.701,-89.667,inshore,MERIDA
21.701,-89.667,inshore,MERIDA
21.701,-89.667,inshore,MERIDA
21.701,-89.667,inshore,MERIDA
22.971,-90.499,offshore,MERIDA
22.971,-90.499,offshore,MERIDA
22.971,-90.499,offshore,MERIDA
22.971,-90.499,offshore,MERIDA
22.971,-90.499,offshore,MERIDA
22.971,-90.499,offshore,MERIDA
22.971,-90.499,offshore,MERIDA
22.971,-90.499,offshore,MERIDA
22.971,-90.499,offshore,MERIDA
23.183,-90.642,offshore,MERIDA
23.183,-90.642,offshore,MERIDA
23.183,-90.642,offshore,MERIDA
23.183,-90.642,offshore,MERIDA
23.183,-90.642,offshore,MERIDA
23.183,-90.642,offshore,MERIDA
23.183,-90.642,offshore,MERIDA
23.183,-90.642,offshore,MERIDA
23.183,-90.642,offshore,MERIDA
27.335,-96.783,inshore,PAISNP
27.335,-96.783,inshore,PAISNP
27.335,-96.783,inshore,PAISNP
27.335,-96.783,inshore,PAISNP
27.335,-96.783,inshore,PAISNP
27.335,-96.783,inshore,PAISNP
27.335,-96.783,inshore,PAISNP
27.335,-96.783,inshore,PAISNP
27.335,-96.783,inshore,PAISNP
29.5,-85.378,inshore,PANAMACITY
29.5,-85.378,inshore,PANAMACITY
29.5,-85.378,inshore,PANAMACITY
29.5,-85.378,inshore,PANAMACITY
29.5,-85.378,inshore,PANAMACITY
29.5,-85.378,inshore,PANAMACITY
29.5,-85.378,inshore,PANAMACITY
29.5,-85.378,inshore,PANAMACITY
29.5,-85.378,inshore,PANAMACITY
29.206,-85.647,inshore,PANAMACITY
29.206,-85.647,inshore,PANAMACITY
29.206,-85.647,inshore,PANAMACITY
29.206,-85.647,inshore,PANAMACITY
29.206,-85.647,inshore,PANAMACITY
29.206,-85.647,inshore,PANAMACITY
29.206,-85.647,inshore,PANAMACITY
29.206,-85.647,inshore,PANAMACITY
29.206,-85.647,inshore,PANAMACITY
28.866,-85.922,offshore,PANAMACITY
28.866,-85.922,offshore,PANAMACITY
28.866,-85.922,offshore,PANAMACITY
28.866,-85.922,offshore,PANAMACITY
28.866,-85.922,offshore,PANAMACITY
28.866,-85.922,offshore,PANAMACITY
28.866,-85.922,offshore,PANAMACITY
28.866,-85.922,offshore,PANAMACITY
28.866,-85.922,offshore,PANAMACITY
28,-86.62,offshore,PANAMACITY
28,-86.62,offshore,PANAMACITY
28,-86.62,offshore,PANAMACITY
28,-86.62,offshore,PANAMACITY
28,-86.62,offshore,PANAMACITY
28,-86.62,offshore,PANAMACITY
28,-86.62,offshore,PANAMACITY
28,-86.62,offshore,PANAMACITY
28,-86.62,offshore,PANAMACITY
30.111,-86.8,inshore,PENSACOLA
30.111,-86.8,inshore,PENSACOLA
30.111,-86.8,inshore,PENSACOLA
30.111,-86.8,inshore,PENSACOLA
30.111,-86.8,inshore,PENSACOLA
30.111,-86.8,inshore,PENSACOLA
30.111,-86.8,inshore,PENSACOLA
30.111,-86.8,inshore,PENSACOLA
30.111,-86.8,inshore,PENSACOLA
29.463,-87.236,offshore,PENSACOLA
29.463,-87.236,offshore,PENSACOLA
29.463,-87.236,offshore,PENSACOLA
29.463,-87.236,offshore,PENSACOLA
29.463,-87.236,offshore,PENSACOLA
29.463,-87.236,offshore,PENSACOLA
29.463,-87.236,offshore,PENSACOLA
29.463,-87.236,offshore,PENSACOLA
29.463,-87.236,offshore,PENSACOLA
28.701,-87.76,offshore,PENSACOLA
28.701,-87.76,offshore,PENSACOLA
28.701,-87.76,offshore,PENSACOLA
28.701,-87.76,offshore,PENSACOLA
28.701,-87.76,offshore,PENSACOLA
28.701,-87.76,offshore,PENSACOLA
28.701,-87.76,offshore,PENSACOLA
28.701,-87.76,offshore,PENSACOLA
28.701,-87.76,offshore,PENSACOLA
26.221,-85.665,offshore,TAMPA
26.221,-85.665,offshore,TAMPA
26.221,-85.665,inshore,TAMPA
26.221,-85.665,offshore,TAMPA
26.221,-85.665,offshore,TAMPA
26.221,-85.665,offshore,TAMPA
26.221,-85.665,offshore,TAMPA
26.221,-85.665,offshore,TAMPA
26.221,-85.665,offshore,TAMPA
26.888,-84.666,offshore,TAMPA
26.888,-84.666,offshore,TAMPA
26.888,-84.666,offshore,TAMPA
26.888,-84.666,offshore,TAMPA
26.888,-84.666,offshore,TAMPA
26.888,-84.666,offshore,TAMPA
26.888,-84.666,offshore,TAMPA
26.888,-84.666,offshore,TAMPA
26.888,-84.666,offshore,TAMPA
28.014,-83.016,inshore,TAMPA
28.014,-83.016,inshore,TAMPA
28.014,-83.016,inshore,TAMPA
28.014,-83.016,inshore,TAMPA
28.014,-83.016,inshore,TAMPA
28.014,-83.016,inshore,TAMPA
22.274,-97.639,inshore,TAMPICO
22.274,-97.639,inshore,TAMPICO
22.274,-97.639,inshore,TAMPICO
22.274,-97.639,inshore,TAMPICO
22.274,-97.639,inshore,TAMPICO
22.274,-97.639,inshore,TAMPICO
22.274,-97.639,inshore,TAMPICO
22.274,-97.639,inshore,TAMPICO
22.274,-97.639,inshore,TAMPICO
22.274,-97.361,offshore,TAMPICO
22.274,-97.361,offshore,TAMPICO
22.274,-97.361,offshore,TAMPICO
22.274,-97.361,offshore,TAMPICO
22.274,-97.361,offshore,TAMPICO
22.274,-97.361,offshore,TAMPICO
22.274,-97.361,offshore,TAMPICO
22.274,-97.361,offshore,TAMPICO
22.274,-97.361,offshore,TAMPICO
22.276,-95.588,offshore,TAMPICO
22.276,-95.588,offshore,TAMPICO
22.276,-95.588,offshore,TAMPICO
22.276,-95.588,offshore,TAMPICO
22.276,-95.588,offshore,TAMPICO
22.276,-95.588,offshore,TAMPICO
22.276,-95.588,offshore,TAMPICO
22.276,-95.588,offshore,TAMPICO
22.276,-95.588,offshore,TAMPICO
20.601,-94.29,offshore,VERACRUZ
20.601,-94.29,offshore,VERACRUZ
20.601,-94.29,offshore,VERACRUZ
20.601,-94.29,offshore,VERACRUZ
20.601,-94.29,offshore,VERACRUZ
20.601,-94.29,offshore,VERACRUZ
20.601,-94.29,offshore,VERACRUZ
20.601,-94.29,offshore,VERACRUZ
19.609,-93.5,offshore,VERACRUZ
19.609,-93.5,offshore,VERACRUZ
19.609,-93.5,offshore,VERACRUZ
19.609,-93.5,offshore,VERACRUZ
19.609,-93.5,offshore,VERACRUZ
19.609,-93.5,offshore,VERACRUZ
19.609,-93.5,offshore,VERACRUZ
19.609,-93.5,offshore,VERACRUZ
19.609,-93.5,offshore,VERACRUZ
18.836,-93.066,inshore,VERACRUZ
18.836,-93.066,inshore,VERACRUZ
18.836,-93.066,inshore,VERACRUZ
18.836,-93.066,inshore,VERACRUZ
18.836,-93.066,inshore,VERACRUZ
18.836,-93.066,inshore,VERACRUZ
18.836,-93.066,inshore,VERACRUZ
18.836,-93.066,inshore,VERACRUZ
18.836,-93.066,inshore,VERACRUZ
22.542,-88,inshore,YUCATAN
22.542,-88,inshore,YUCATAN
22.542,-88,inshore,YUCATAN
22.542,-88,inshore,YUCATAN
22.542,-88,inshore,YUCATAN
22.542,-88,inshore,YUCATAN
22.542,-88,inshore,YUCATAN
22.542,-88,inshore,YUCATAN
22.542,-88,inshore,YUCATAN
23.769,-88.001,inshore,YUCATAN
23.769,-88.001,inshore,YUCATAN
23.769,-88.001,inshore,YUCATAN
23.769,-88.001,inshore,YUCATAN
23.769,-88.001,inshore,YUCATAN
23.769,-88.001,inshore,YUCATAN
23.769,-88.001,inshore,YUCATAN
23.769,-88.001,inshore,YUCATAN
23.769,-88.001,inshore,YUCATAN
26,-88,offshore,YUCATAN
26,-88,offshore,YUCATAN
26,-88,offshore,YUCATAN
26,-88,offshore,YUCATAN
26,-88,offshore,YUCATAN
26,-88,offshore,YUCATAN
26,-88,offshore,YUCATAN
26,-88,offshore,YUCATAN
26,-88,offshore,YUCATAN