ASV,stat,pvalue,adjust p-value,OA
bASV9988,0.198834487,0.001,0.054091153,Low
bASV9948,0.129166737,0.016,0.521512116,Low
bASV9900,0.12223076,0.024,0.702792453,Low
bASV9869,0.303351278,0.001,0.054091153,Low
bASV9838,0.276381937,0.001,0.054091153,Low
bASV9837,0.187317162,0.001,0.054091153,Low
bASV9580,0.154524257,0.001,0.054091153,Low
bASV9532,0.112158585,0.017,0.543568938,Low
bASV952,0.14383899,0.002,0.094280374,Low
bASV9460,0.149750271,0.017,0.543568938,Low
bASV9456,0.129559442,0.039,0.860356685,Low
bASV94,0.112133769,0.022,0.657588148,Low
bASV9189,0.130300089,0.004,0.162056225,Low
bASV918,0.120324743,0.035,0.860356685,Low
bASV8990,0.147087101,0.006,0.225011152,Low
bASV8959,0.179992338,0.001,0.054091153,Low
bASV8886,0.121491348,0.022,0.657588148,Low
bASV8853,0.148923583,0.005,0.193627639,Low
bASV8664,0.131117494,0.017,0.543568938,Low
bASV8657,0.266594157,0.001,0.054091153,Low
bASV8556,0.204001632,0.001,0.054091153,Low
bASV8490,0.271665089,0.001,0.054091153,Low
bASV8443,0.107211253,0.049,0.860356685,Low
bASV8317,0.095551297,0.03,0.846545455,Low
bASV8268,0.312237267,0.001,0.054091153,Low
bASV8209,0.132626415,0.018,0.56745,Low
bASV8062,0.105462533,0.025,0.721602289,Low
bASV7880,0.108647984,0.05,0.860356685,Low
bASV7873,0.292306669,0.001,0.054091153,Low
bASV7841,0.141199118,0.003,0.130730022,Low
bASV7828,0.152004707,0.003,0.130730022,Low
bASV7671,0.199188638,0.001,0.054091153,Low
bASV7607,0.137786369,0.028,0.796795487,Low
bASV7562,0.147354986,0.015,0.492097561,Low
bASV7300,0.541816143,0.001,0.054091153,Low
bASV711,0.144868748,0.004,0.162056225,Low
bASV7027,0.120114163,0.025,0.721602289,Low
bASV6930,0.189023913,0.001,0.054091153,Low
bASV691,0.328734948,0.001,0.054091153,Low
bASV6850,0.186141212,0.001,0.054091153,Low
bASV6733,0.270637126,0.001,0.054091153,Low
bASV658,0.185527779,0.002,0.094280374,Low
bASV6522,0.371724281,0.001,0.054091153,Low
bASV65032,0.2085784,0.001,0.054091153,Low
bASV6494,0.123057924,0.031,0.860356685,Low
bASV64923,0.153174386,0.003,0.130730022,Low
bASV64839,0.155072701,0.003,0.130730022,Low
bASV64590,0.127922247,0.017,0.543568938,Low
bASV64589,0.123445793,0.021,0.640024169,Low
bASV64397,0.185378995,0.001,0.054091153,Low
bASV64386,0.152653804,0.01,0.350886957,Low
bASV6434,0.282514407,0.001,0.054091153,Low
bASV64210,0.161400248,0.006,0.225011152,Low
bASV6420,0.232121714,0.001,0.054091153,Low
bASV64042,0.23829192,0.001,0.054091153,Low
bASV6402,0.133086624,0.014,0.466112211,Low
bASV63661,0.23010793,0.001,0.054091153,Low
bASV63601,0.127579153,0.047,0.860356685,Low
bASV63478,0.124292119,0.022,0.657588148,Low
bASV63196,0.124602812,0.017,0.543568938,Low
bASV63191,0.116737572,0.05,0.860356685,Low
bASV63182,0.408229394,0.001,0.054091153,Low
bASV63161,0.148463682,0.013,0.437146667,Low
bASV63151,0.284880639,0.001,0.054091153,Low
bASV62952,0.151137817,0.008,0.288228571,Low
bASV62775,0.178352442,0.003,0.130730022,Low
bASV62684,0.154958789,0.004,0.162056225,Low
bASV62614,0.339987196,0.001,0.054091153,Low
bASV62569,0.184112939,0.002,0.094280374,Low
bASV625,0.12253686,0.008,0.288228571,Low
bASV62483,0.189570375,0.001,0.054091153,Low
bASV62445,0.185240183,0.001,0.054091153,Low
bASV62090,0.119610039,0.049,0.860356685,Low
bASV61991,0.326718115,0.001,0.054091153,Low
bASV61821,0.114125379,0.049,0.860356685,Low
bASV61793,0.154119637,0.002,0.094280374,Low
bASV61780,0.15249857,0.005,0.193627639,Low
bASV61677,0.135306599,0.025,0.721602289,Low
bASV61468,0.120927267,0.044,0.860356685,Low
bASV61423,0.121201077,0.032,0.860356685,Low
bASV61392,0.150930786,0.002,0.094280374,Low
bASV61349,0.183338264,0.001,0.054091153,Low
bASV61342,0.180905846,0.001,0.054091153,Low
bASV6126,0.110656667,0.045,0.860356685,Low
bASV61166,0.15291168,0.012,0.406910924,Low
bASV61147,0.210192034,0.001,0.054091153,Low
bASV60920,0.135954371,0.022,0.657588148,Low
bASV60586,0.112419978,0.045,0.860356685,Low
bASV60539,0.151519437,0.007,0.256319419,Low
bASV6045,0.185590091,0.002,0.094280374,Low
bASV60447,0.19253466,0.001,0.054091153,Low
bASV60301,0.125075546,0.013,0.437146667,Low
bASV60146,0.168624541,0.002,0.094280374,Low
bASV6012,0.134544998,0.022,0.657588148,Low
bASV60049,0.153750452,0.007,0.256319419,Low
bASV59982,0.114707867,0.015,0.492097561,Low
bASV59814,0.236160436,0.001,0.054091153,Low
bASV59779,0.196173894,0.001,0.054091153,Low
bASV59677,0.128982275,0.016,0.521512116,Low
bASV59639,0.222990437,0.001,0.054091153,Low
bASV59621,0.103834826,0.046,0.860356685,Low
bASV59440,0.278534757,0.001,0.054091153,Low
bASV59289,0.160350382,0.003,0.130730022,Low
bASV59276,0.166469832,0.002,0.094280374,Low
bASV59031,0.163243682,0.006,0.225011152,Low
bASV5901,0.212235905,0.001,0.054091153,Low
bASV58795,0.265793129,0.001,0.054091153,Low
bASV58715,0.314588741,0.001,0.054091153,Low
bASV58460,0.362267999,0.001,0.054091153,Low
bASV58388,0.157116542,0.004,0.162056225,Low
bASV58320,0.100503782,0.016,0.521512116,Low
bASV57969,0.121491348,0.043,0.860356685,Low
bASV57703,0.161459465,0.001,0.054091153,Low
bASV57664,0.111468465,0.046,0.860356685,Low
bASV57651,0.339018786,0.001,0.054091153,Low
bASV57573,0.189463188,0.001,0.054091153,Low
bASV57491,0.388700978,0.001,0.054091153,Low
bASV57456,0.10911913,0.044,0.860356685,Low
bASV57336,0.375211153,0.001,0.054091153,Low
bASV57278,0.12711737,0.034,0.860356685,Low
bASV57179,0.087162288,0.034,0.860356685,Low
bASV57133,0.165632045,0.003,0.130730022,Low
bASV57080,0.119009728,0.028,0.796795487,Low
bASV57023,0.165399418,0.007,0.256319419,Low
bASV56771,0.145491512,0.017,0.543568938,Low
bASV5656,0.201824017,0.001,0.054091153,Low
bASV5638,0.141131678,0.007,0.256319419,Low
bASV56354,0.218314153,0.001,0.054091153,Low
bASV56188,0.144824003,0.006,0.225011152,Low
bASV56149,0.116247639,0.048,0.860356685,Low
bASV56116,0.140231834,0.023,0.67547016,Low
bASV56004,0.548826615,0.001,0.054091153,Low
bASV55860,0.105667871,0.05,0.860356685,Low
bASV55754,0.100503782,0.05,0.860356685,Low
bASV55450,0.15078532,0.002,0.094280374,Low
bASV55414,0.15931442,0.002,0.094280374,Low
bASV55335,0.377173467,0.001,0.054091153,Low
bASV55128,0.258193883,0.001,0.054091153,Low
bASV55020,0.175971003,0.001,0.054091153,Low
bASV54990,0.225436062,0.001,0.054091153,Low
bASV54823,0.198287002,0.003,0.130730022,Low
bASV54751,0.144714921,0.002,0.094280374,Low
bASV54672,0.122118825,0.004,0.162056225,Low
bASV54663,0.270881801,0.001,0.054091153,Low
bASV54660,0.175329159,0.004,0.162056225,Low
bASV5450,0.210429187,0.001,0.054091153,Low
bASV54335,0.138593483,0.022,0.657588148,Low
bASV54271,0.12340351,0.02,0.618895706,Low
bASV54055,0.200293151,0.001,0.054091153,Low
bASV54001,0.12054101,0.048,0.860356685,Low
bASV53899,0.156546774,0.002,0.094280374,Low
bASV53828,0.238153976,0.001,0.054091153,Low
bASV53814,0.174077656,0.004,0.162056225,Low
bASV53790,0.179717081,0.001,0.054091153,Low
bASV53206,0.123669223,0.021,0.640024169,Low
bASV53192,0.147343128,0.009,0.318568421,Low
bASV53165,0.221005235,0.001,0.054091153,Low
bASV53133,0.119009728,0.041,0.860356685,Low
bASV53079,0.12340351,0.009,0.318568421,Low
bASV52955,0.109760188,0.025,0.721602289,Low
bASV52774,0.181804856,0.001,0.054091153,Low
bASV52762,0.299819565,0.001,0.054091153,Low
bASV52753,0.184449302,0.002,0.094280374,Low
bASV5270,0.11272389,0.034,0.860356685,Low
bASV52382,0.205678574,0.001,0.054091153,Low
bASV52349,0.109834637,0.027,0.771603399,Low
bASV52347,0.249787548,0.001,0.054091153,Low
bASV52320,0.141032439,0.015,0.492097561,Low
bASV52312,0.140748372,0.019,0.591580247,Low
bASV52202,0.132911172,0.032,0.860356685,Low
bASV52151,0.226427715,0.001,0.054091153,Low
bASV51850,0.140231834,0.007,0.256319419,Low
bASV51842,0.126099406,0.011,0.378085179,Low
bASV51665,0.161276967,0.003,0.130730022,Low
bASV51640,0.40757827,0.001,0.054091153,Low
bASV51620,0.327633075,0.001,0.054091153,Low
bASV51514,0.189563438,0.003,0.130730022,Low
bASV51513,0.129349573,0.005,0.193627639,Low
bASV5090,0.403898708,0.001,0.054091153,Low
bASV50896,0.104621108,0.049,0.860356685,Low
bASV50435,0.40553997,0.001,0.054091153,Low
bASV50426,0.114125379,0.04,0.860356685,Low
bASV50317,0.12340351,0.021,0.640024169,Low
bASV50241,0.161191813,0.006,0.225011152,Low
bASV50126,0.174423666,0.001,0.054091153,Low
bASV49903,0.299769972,0.001,0.054091153,Low
bASV49769,0.275282911,0.001,0.054091153,Low
bASV49727,0.143041261,0.019,0.591580247,Low
bASV49524,0.389780139,0.001,0.054091153,Low
bASV49480,0.235035528,0.001,0.054091153,Low
bASV49339,0.124394083,0.019,0.591580247,Low
bASV49323,0.120197612,0.031,0.860356685,Low
bASV49132,0.116247639,0.05,0.860356685,Low
bASV49082,0.283484669,0.001,0.054091153,Low
bASV4897,0.138593483,0.023,0.67547016,Low
bASV48646,0.147087101,0.008,0.288228571,Low
bASV48611,0.169534026,0.003,0.130730022,Low
bASV48434,0.182109221,0.001,0.054091153,Low
bASV48128,0.215215077,0.001,0.054091153,Low
bASV4784,0.167185609,0.002,0.094280374,Low
bASV47636,0.119158646,0.034,0.860356685,Low
bASV47397,0.350113059,0.001,0.054091153,Low
bASV47332,0.14584153,0.005,0.193627639,Low
bASV47158,0.374893313,0.001,0.054091153,Low
bASV46867,0.437044274,0.001,0.054091153,Low
bASV46792,0.128431509,0.005,0.193627639,Low
bASV46499,0.201056722,0.001,0.054091153,Low
bASV46497,0.170497225,0.002,0.094280374,Low
bASV46353,0.130652462,0.047,0.860356685,Low
bASV46306,0.12340351,0.032,0.860356685,Low
bASV46293,0.287126319,0.001,0.054091153,Low
bASV4625,0.230940108,0.001,0.054091153,Low
bASV4620,0.211795896,0.001,0.054091153,Low
bASV46181,0.151716521,0.01,0.350886957,Low
bASV46176,0.169303024,0.001,0.054091153,Low
bASV46066,0.223120276,0.001,0.054091153,Low
bASV45972,0.249804223,0.001,0.054091153,Low
bASV45906,0.15526176,0.009,0.318568421,Low
bASV45879,0.124155167,0.006,0.225011152,Low
bASV45654,0.140231834,0.011,0.378085179,Low
bASV4555,0.148817027,0.009,0.318568421,Low
bASV45524,0.141965726,0.008,0.288228571,Low
bASV45475,0.31592053,0.001,0.054091153,Low
bASV45412,0.179302431,0.001,0.054091153,Low
bASV45410,0.132671625,0.025,0.721602289,Low
bASV45399,0.289906557,0.001,0.054091153,Low
bASV45268,0.143327967,0.001,0.054091153,Low
bASV45069,0.155887144,0.015,0.492097561,Low
bASV45052,0.277081802,0.001,0.054091153,Low
bASV44924,0.129662539,0.011,0.378085179,Low
bASV44572,0.124273764,0.014,0.466112211,Low
bASV44458,0.14160894,0.017,0.543568938,Low
bASV44319,0.372229312,0.001,0.054091153,Low
bASV44126,0.114294283,0.042,0.860356685,Low
bASV44121,0.111468465,0.046,0.860356685,Low
bASV44115,0.276366414,0.001,0.054091153,Low
bASV44046,0.284160726,0.001,0.054091153,Low
bASV43971,0.125176207,0.02,0.618895706,Low
bASV43883,0.257739583,0.001,0.054091153,Low
bASV43596,0.193336145,0.001,0.054091153,Low
bASV43443,0.101187489,0.021,0.640024169,Low
bASV43295,0.219424905,0.001,0.054091153,Low
bASV43230,0.181629622,0.001,0.054091153,Low
bASV43211,0.163775355,0.001,0.054091153,Low
bASV42890,0.149982957,0.007,0.256319419,Low
bASV42878,0.122520951,0.03,0.846545455,Low
bASV42763,0.398998984,0.001,0.054091153,Low
bASV42712,0.152392122,0.005,0.193627639,Low
bASV42698,0.166580999,0.002,0.094280374,Low
bASV42533,0.119459411,0.004,0.162056225,Low
bASV42483,0.141580619,0.021,0.640024169,Low
bASV42445,0.240700676,0.001,0.054091153,Low
bASV42404,0.13287844,0.022,0.657588148,Low
bASV41976,0.135218215,0.003,0.130730022,Low
bASV41931,0.190449985,0.001,0.054091153,Low
bASV41887,0.11728132,0.037,0.860356685,Low
bASV4184,0.179944735,0.004,0.162056225,Low
bASV41784,0.157116542,0.005,0.193627639,Low
bASV41562,0.132926007,0.034,0.860356685,Low
bASV41541,0.167284217,0.001,0.054091153,Low
bASV41044,0.120114339,0.013,0.437146667,Low
bASV40993,0.125527925,0.022,0.657588148,Low
bASV40944,0.126729271,0.011,0.378085179,Low
bASV40921,0.243816396,0.001,0.054091153,Low
bASV40872,0.174887622,0.008,0.288228571,Low
bASV40853,0.109643217,0.018,0.56745,Low
bASV40503,0.143103898,0.022,0.657588148,Low
bASV40499,0.109992094,0.017,0.543568938,Low
bASV40348,0.283258635,0.001,0.054091153,Low
bASV40299,0.286233667,0.001,0.054091153,Low
bASV402,0.263345527,0.001,0.054091153,Low
bASV40135,0.166310744,0.003,0.130730022,Low
bASV39908,0.121705206,0.045,0.860356685,Low
bASV39860,0.108394406,0.039,0.860356685,Low
bASV39721,0.136619135,0.005,0.193627639,Low
bASV39699,0.142427806,0.001,0.054091153,Low
bASV39694,0.564004871,0.001,0.054091153,Low
bASV39643,0.238918665,0.001,0.054091153,Low
bASV39460,0.214711185,0.001,0.054091153,Low
bASV39342,0.228953333,0.001,0.054091153,Low
bASV39169,0.209590848,0.001,0.054091153,Low
bASV39070,0.280559284,0.001,0.054091153,Low
bASV38839,0.345914339,0.001,0.054091153,Low
bASV38721,0.214201453,0.001,0.054091153,Low
bASV38494,0.296694222,0.001,0.054091153,Low
bASV3834,0.260132641,0.001,0.054091153,Low
bASV38275,0.150075282,0.002,0.094280374,Low
bASV3819,0.403391524,0.001,0.054091153,Low
bASV37909,0.140161205,0.025,0.721602289,Low
bASV37881,0.154520226,0.005,0.193627639,Low
bASV37879,0.191537539,0.001,0.054091153,Low
bASV37827,0.146904379,0.002,0.094280374,Low
bASV37786,0.154540255,0.009,0.318568421,Low
bASV37663,0.435203421,0.001,0.054091153,Low
bASV3765,0.355667177,0.001,0.054091153,Low
bASV37452,0.175633674,0.006,0.225011152,Low
bASV37371,0.175864076,0.004,0.162056225,Low
bASV37232,0.193861986,0.002,0.094280374,Low
bASV36927,0.183206145,0.003,0.130730022,Low
bASV36860,0.118587303,0.022,0.657588148,Low
bASV36684,0.318048776,0.001,0.054091153,Low
bASV3647,0.137715009,0.034,0.860356685,Low
bASV36425,0.260576226,0.001,0.054091153,Low
bASV36368,0.131510091,0.041,0.860356685,Low
bASV3636,0.265625925,0.001,0.054091153,Low
bASV36306,0.111809174,0.046,0.860356685,Low
bASV36268,0.200529188,0.001,0.054091153,Low
bASV36088,0.122609432,0.044,0.860356685,Low
bASV35863,0.103834826,0.047,0.860356685,Low
bASV35815,0.133176958,0.017,0.543568938,Low
bASV35759,0.294971907,0.001,0.054091153,Low
bASV35725,0.128077535,0.045,0.860356685,Low
bASV35656,0.431973672,0.001,0.054091153,Low
bASV35563,0.210860851,0.001,0.054091153,Low
bASV3555,0.153937268,0.002,0.094280374,Low
bASV35545,0.116247639,0.046,0.860356685,Low
bASV35542,0.152837939,0.006,0.225011152,Low
bASV35467,0.109471555,0.027,0.771603399,Low
bASV35440,0.100503782,0.043,0.860356685,Low
bASV35394,0.174841452,0.001,0.054091153,Low
bASV35145,0.169997574,0.003,0.130730022,Low
bASV35039,0.151039635,0.008,0.288228571,Low
bASV34943,0.193328368,0.001,0.054091153,Low
bASV34688,0.134839972,0.011,0.378085179,Low
bASV34531,0.191532799,0.001,0.054091153,Low
bASV34515,0.112800566,0.023,0.67547016,Low
bASV34380,0.161151674,0.003,0.130730022,Low
bASV34216,0.223606798,0.001,0.054091153,Low
bASV3421,0.189976423,0.003,0.130730022,Low
bASV34202,0.135388105,0.006,0.225011152,Low
bASV34171,0.362452022,0.001,0.054091153,Low
bASV33835,0.174619074,0.005,0.193627639,Low
bASV33725,0.09907273,0.02,0.618895706,Low
bASV33634,0.325143709,0.001,0.054091153,Low
bASV33547,0.139757592,0.001,0.054091153,Low
bASV33522,0.133881737,0.019,0.591580247,Low
bASV332,0.177170553,0.001,0.054091153,Low
bASV330,0.371193043,0.001,0.054091153,Low
bASV32840,0.217973629,0.001,0.054091153,Low
bASV32573,0.159573126,0.003,0.130730022,Low
bASV32491,0.179390583,0.005,0.193627639,Low
bASV32420,0.381311469,0.001,0.054091153,Low
bASV32264,0.213960088,0.001,0.054091153,Low
bASV32011,0.116247639,0.047,0.860356685,Low
bASV31988,0.095457488,0.011,0.378085179,Low
bASV31888,0.219142019,0.001,0.054091153,Low
bASV31844,0.137261228,0.007,0.256319419,Low
bASV31830,0.13048844,0.025,0.721602289,Low
bASV31808,0.229104187,0.001,0.054091153,Low
bASV31752,0.13242744,0.018,0.56745,Low
bASV3165,0.171490667,0.001,0.054091153,Low
bASV31646,0.296803369,0.001,0.054091153,Low
bASV31363,0.116247639,0.05,0.860356685,Low
bASV31294,0.222541431,0.001,0.054091153,Low
bASV31211,0.170938716,0.001,0.054091153,Low
bASV31145,0.115054149,0.018,0.56745,Low
bASV3110,0.170358023,0.001,0.054091153,Low
bASV30786,0.137901795,0.001,0.054091153,Low
bASV3067,0.163239941,0.001,0.054091153,Low
bASV30649,0.23109531,0.001,0.054091153,Low
bASV30532,0.176241822,0.001,0.054091153,Low
bASV30091,0.271666935,0.001,0.054091153,Low
bASV30075,0.134839972,0.019,0.591580247,Low
bASV30059,0.185728774,0.001,0.054091153,Low
bASV29914,0.103195863,0.047,0.860356685,Low
bASV29843,0.16180143,0.001,0.054091153,Low
bASV29650,0.135388105,0.006,0.225011152,Low
bASV29504,0.114701596,0.046,0.860356685,Low
bASV29448,0.123107855,0.044,0.860356685,Low
bASV29441,0.169985415,0.006,0.225011152,Low
bASV29416,0.216702227,0.001,0.054091153,Low
bASV29375,0.157480678,0.006,0.225011152,Low
bASV2912,0.147054919,0.002,0.094280374,Low
bASV29115,0.204666845,0.001,0.054091153,Low
bASV29110,0.169808635,0.001,0.054091153,Low
bASV29109,0.317619957,0.001,0.054091153,Low
bASV29048,0.387083914,0.001,0.054091153,Low
bASV28971,0.189066258,0.001,0.054091153,Low
bASV28962,0.222712953,0.001,0.054091153,Low
bASV28732,0.129277259,0.031,0.860356685,Low
bASV28722,0.208667949,0.001,0.054091153,Low
bASV2859,0.230322051,0.001,0.054091153,Low
bASV28446,0.114234776,0.03,0.846545455,Low
bASV28394,0.158154234,0.014,0.466112211,Low
bASV28161,0.208280756,0.001,0.054091153,Low
bASV28078,0.141083626,0.002,0.094280374,Low
bASV27889,0.171516099,0.006,0.225011152,Low
bASV27877,0.228730013,0.001,0.054091153,Low
bASV27598,0.173020384,0.001,0.054091153,Low
bASV27416,0.131952459,0.019,0.591580247,Low
bASV27304,0.218866613,0.001,0.054091153,Low
bASV27193,0.120737022,0.045,0.860356685,Low
bASV27140,0.130278165,0.018,0.56745,Low
bASV2705,0.134758251,0.034,0.860356685,Low
bASV26955,0.527221707,0.001,0.054091153,Low
bASV26821,0.107919102,0.05,0.860356685,Low
bASV26713,0.24854999,0.001,0.054091153,Low
bASV26478,0.317249938,0.001,0.054091153,Low
bASV26440,0.102320899,0.038,0.860356685,Low
bASV26432,0.206882771,0.002,0.094280374,Low
bASV2601,0.203941894,0.001,0.054091153,Low
bASV25930,0.143551073,0.007,0.256319419,Low
bASV25907,0.156860674,0.006,0.225011152,Low
bASV25869,0.177367689,0.004,0.162056225,Low
bASV25815,0.196084801,0.003,0.130730022,Low
bASV25753,0.172549412,0.009,0.318568421,Low
bASV25598,0.228724247,0.001,0.054091153,Low
bASV25492,0.108647984,0.046,0.860356685,Low
bASV25391,0.143140819,0.021,0.640024169,Low
bASV25222,0.186350486,0.001,0.054091153,Low
bASV24947,0.104016886,0.023,0.67547016,Low
bASV24940,0.180341605,0.001,0.054091153,Low
bASV24936,0.163788415,0.001,0.054091153,Low
bASV24935,0.173979943,0.004,0.162056225,Low
bASV24509,0.214972239,0.001,0.054091153,Low
bASV24507,0.298577382,0.001,0.054091153,Low
bASV24334,0.136629012,0.011,0.378085179,Low
bASV24295,0.134772158,0.012,0.406910924,Low
bASV24243,0.256693344,0.001,0.054091153,Low
bASV23996,0.124440871,0.021,0.640024169,Low
bASV2395,0.201731517,0.001,0.054091153,Low
bASV23901,0.159717884,0.003,0.130730022,Low
bASV23523,0.293396933,0.001,0.054091153,Low
bASV23490,0.182232826,0.001,0.054091153,Low
bASV2342,0.263233601,0.001,0.054091153,Low
bASV23412,0.251567509,0.001,0.054091153,Low
bASV23375,0.134022201,0.005,0.193627639,Low
bASV23362,0.142745859,0.004,0.162056225,Low
bASV23197,0.44875515,0.001,0.054091153,Low
bASV23139,0.226990552,0.002,0.094280374,Low
bASV23092,0.21373857,0.001,0.054091153,Low
bASV23047,0.164915604,0.002,0.094280374,Low
bASV2302,0.164326368,0.012,0.406910924,Low
bASV22910,0.385225844,0.001,0.054091153,Low
bASV22730,0.133348604,0.044,0.860356685,Low
bASV22562,0.201007555,0.001,0.054091153,Low
bASV22405,0.214289075,0.001,0.054091153,Low
bASV22215,0.159624725,0.004,0.162056225,Low
bASV2215,0.135427555,0.022,0.657588148,Low
bASV2214,0.108647984,0.041,0.860356685,Low
bASV22063,0.115470054,0.048,0.860356685,Low
bASV22047,0.162004708,0.012,0.406910924,Low
bASV21913,0.134485967,0.044,0.860356685,Low
bASV21774,0.19477886,0.001,0.054091153,Low
bASV21691,0.112800566,0.015,0.492097561,Low
bASV21661,0.296155806,0.001,0.054091153,Low
bASV21109,0.143853444,0.001,0.054091153,Low
bASV21005,0.152887799,0.011,0.378085179,Low
bASV20976,0.158261095,0.004,0.162056225,Low
bASV20860,0.133723594,0.025,0.721602289,Low
bASV20840,0.337453865,0.001,0.054091153,Low
bASV20831,0.462236278,0.001,0.054091153,Low
bASV20785,0.13271117,0.023,0.67547016,Low
bASV20724,0.137847122,0.018,0.56745,Low
bASV20463,0.163139334,0.005,0.193627639,Low
bASV20135,0.200491994,0.001,0.054091153,Low
bASV20119,0.249214868,0.001,0.054091153,Low
bASV2011,0.131872194,0.023,0.67547016,Low
bASV19994,0.171967612,0.006,0.225011152,Low
bASV19945,0.166162596,0.011,0.378085179,Low
bASV19797,0.169214706,0.004,0.162056225,Low
bASV1966,0.189372343,0.001,0.054091153,Low
bASV19358,0.152020575,0.005,0.193627639,Low
bASV19199,0.139703434,0.004,0.162056225,Low
bASV19020,0.335466789,0.001,0.054091153,Low
bASV19002,0.161302786,0.003,0.130730022,Low
bASV18869,0.169691446,0.004,0.162056225,Low
bASV18705,0.27662806,0.001,0.054091153,Low
bASV18673,0.147578078,0.002,0.094280374,Low
bASV18617,0.159532886,0.004,0.162056225,Low
bASV18616,0.149382339,0.004,0.162056225,Low
bASV183,0.163982631,0.002,0.094280374,Low
bASV18231,0.188098547,0.003,0.130730022,Low
bASV18145,0.108452326,0.045,0.860356685,Low
bASV18043,0.188215373,0.004,0.162056225,Low
bASV18000,0.281752675,0.001,0.054091153,Low
bASV17801,0.183217517,0.001,0.054091153,Low
bASV17751,0.204037329,0.001,0.054091153,Low
bASV17721,0.138342893,0.012,0.406910924,Low
bASV17698,0.237771774,0.001,0.054091153,Low
bASV17673,0.25439551,0.001,0.054091153,Low
bASV17653,0.243057112,0.001,0.054091153,Low
bASV17149,0.136165242,0.005,0.193627639,Low
bASV16893,0.121917682,0.021,0.640024169,Low
bASV16892,0.132286774,0.043,0.860356685,Low
bASV16329,0.218402593,0.002,0.094280374,Low
bASV16280,0.12340351,0.01,0.350886957,Low
bASV16122,0.157046794,0.002,0.094280374,Low
bASV15945,0.110112452,0.034,0.860356685,Low
bASV15747,0.409243523,0.001,0.054091153,Low
bASV15705,0.117705865,0.039,0.860356685,Low
bASV15659,0.234081955,0.001,0.054091153,Low
bASV15498,0.127112297,0.023,0.67547016,Low
bASV15126,0.177655098,0.001,0.054091153,Low
bASV15120,0.16402367,0.011,0.378085179,Low
bASV14991,0.259339133,0.001,0.054091153,Low
bASV14662,0.237530959,0.001,0.054091153,Low
bASV1428,0.200620893,0.001,0.054091153,Low
bASV14237,0.134046498,0.005,0.193627639,Low
bASV14157,0.142119163,0.006,0.225011152,Low
bASV14089,0.189557238,0.001,0.054091153,Low
bASV13968,0.200721874,0.001,0.054091153,Low
bASV13757,0.134839972,0.021,0.640024169,Low
bASV13693,0.145299694,0.007,0.256319419,Low
bASV13452,0.221581394,0.001,0.054091153,Low
bASV13438,0.154962088,0.009,0.318568421,Low
bASV13379,0.251754407,0.001,0.054091153,Low
bASV13327,0.149037307,0.003,0.130730022,Low
bASV13177,0.191869255,0.002,0.094280374,Low
bASV12942,0.222683152,0.001,0.054091153,Low
bASV12900,0.123596029,0.044,0.860356685,Low
bASV12780,0.223599669,0.001,0.054091153,Low
bASV12618,0.174108745,0.001,0.054091153,Low
bASV12567,0.14796663,0.004,0.162056225,Low
bASV12397,0.116446496,0.015,0.492097561,Low
bASV12326,0.106747604,0.049,0.860356685,Low
bASV12282,0.132671625,0.031,0.860356685,Low
bASV12089,0.161303073,0.004,0.162056225,Low
bASV12061,0.123961217,0.015,0.492097561,Low
bASV12000,0.136831372,0.018,0.56745,Low
bASV11558,0.114129087,0.028,0.796795487,Low
bASV11555,0.246163287,0.001,0.054091153,Low
bASV11535,0.099882922,0.049,0.860356685,Low
bASV11147,0.189745233,0.001,0.054091153,Low
bASV1101,0.155384719,0.001,0.054091153,Low
bASV11009,0.267994845,0.001,0.054091153,Low
bASV10923,0.163405607,0.001,0.054091153,Low
bASV10768,0.205672672,0.001,0.054091153,Low
bASV10642,0.129166737,0.023,0.67547016,Low
bASV10296,0.122299898,0.013,0.437146667,Low
bASV10128,0.12340351,0.027,0.771603399,Low
bASV10015,0.145180176,0.004,0.162056225,Low
bASV10014,0.173282948,0.001,0.054091153,Low
bASV9236,0.133148533,0.042,0.860356685,High
bASV8975,0.295813205,0.001,0.054091153,High
bASV8852,0.35635015,0.001,0.054091153,High
bASV861,0.487387986,0.001,0.054091153,High
bASV8090,0.116560275,0.031,0.860356685,High
bASV7977,0.311721158,0.001,0.054091153,High
bASV7846,0.138196249,0.049,0.860356685,High
bASV7705,0.464471356,0.001,0.054091153,High
bASV7560,0.272593562,0.001,0.054091153,High
bASV747,0.162511161,0.003,0.130730022,High
bASV7361,0.135329941,0.04,0.860356685,High
bASV7348,0.193472544,0.001,0.054091153,High
bASV7176,0.258262107,0.001,0.054091153,High
bASV7147,0.181100959,0.001,0.054091153,High
bASV7111,0.205319574,0.001,0.054091153,High
bASV668,0.208008556,0.001,0.054091153,High
bASV6535,0.219229592,0.001,0.054091153,High
bASV64738,0.179100349,0.008,0.288228571,High
bASV64489,0.44621138,0.001,0.054091153,High
bASV64418,0.392517912,0.001,0.054091153,High
bASV64354,0.174616676,0.008,0.288228571,High
bASV64345,0.231619514,0.002,0.094280374,High
bASV64330,0.536683207,0.001,0.054091153,High
bASV64130,0.306687807,0.001,0.054091153,High
bASV63597,0.275006877,0.001,0.054091153,High
bASV63192,0.472185433,0.001,0.054091153,High
bASV62467,0.172388016,0.004,0.162056225,High
bASV62363,0.343015109,0.001,0.054091153,High
bASV61792,0.351101528,0.001,0.054091153,High
bASV61453,0.198762844,0.002,0.094280374,High
bASV61292,0.174216321,0.004,0.162056225,High
bASV61256,0.257833874,0.001,0.054091153,High
bASV6079,0.199167572,0.002,0.094280374,High
bASV60701,0.160896931,0.005,0.193627639,High
bASV60666,0.236694515,0.001,0.054091153,High
bASV60665,0.212379656,0.001,0.054091153,High
bASV6030,0.182359462,0.002,0.094280374,High
bASV60080,0.198746795,0.002,0.094280374,High
bASV59820,0.131373069,0.043,0.860356685,High
bASV59751,0.128962906,0.046,0.860356685,High
bASV59673,0.346922268,0.001,0.054091153,High
bASV59551,0.194823562,0.003,0.130730022,High
bASV59517,0.151285039,0.015,0.492097561,High
bASV59490,0.297337359,0.001,0.054091153,High
bASV59407,0.529914031,0.001,0.054091153,High
bASV59075,0.289246528,0.001,0.054091153,High
bASV58753,0.151869585,0.012,0.406910924,High
bASV58738,0.121983942,0.043,0.860356685,High
bASV58644,0.181044394,0.001,0.054091153,High
bASV58378,0.130085066,0.047,0.860356685,High
bASV58239,0.1243666,0.046,0.860356685,High
bASV58072,0.134081746,0.044,0.860356685,High
bASV57962,0.353232757,0.001,0.054091153,High
bASV57616,0.295213866,0.001,0.054091153,High
bASV5747,0.221814012,0.002,0.094280374,High
bASV57267,0.139172446,0.039,0.860356685,High
bASV57209,0.502373797,0.001,0.054091153,High
bASV56818,0.320198215,0.001,0.054091153,High
bASV568,0.3891226,0.001,0.054091153,High
bASV56402,0.15256754,0.011,0.378085179,High
bASV56333,0.313445782,0.001,0.054091153,High
bASV55870,0.145202281,0.017,0.543568938,High
bASV55548,0.211880881,0.001,0.054091153,High
bASV5554,0.196078952,0.004,0.162056225,High
bASV55202,0.128415623,0.04,0.860356685,High
bASV54629,0.427813028,0.001,0.054091153,High
bASV5449,0.278666031,0.001,0.054091153,High
bASV54477,0.159763683,0.009,0.318568421,High
bASV54460,0.443272171,0.001,0.054091153,High
bASV54314,0.164918757,0.004,0.162056225,High
bASV54298,0.140252592,0.025,0.721602289,High
bASV54118,0.129626801,0.034,0.860356685,High
bASV54102,0.298863239,0.001,0.054091153,High
bASV54099,0.161023094,0.006,0.225011152,High
bASV53975,0.226942884,0.001,0.054091153,High
bASV53843,0.198055879,0.001,0.054091153,High
bASV53794,0.188282573,0.004,0.162056225,High
bASV5372,0.425517932,0.001,0.054091153,High
bASV53691,0.128577329,0.035,0.860356685,High
bASV53439,0.17459452,0.007,0.256319419,High
bASV53414,0.127894658,0.027,0.771603399,High
bASV53318,0.342181302,0.001,0.054091153,High
bASV53134,0.288793355,0.001,0.054091153,High
bASV53062,0.425827178,0.001,0.054091153,High
bASV52950,0.212993694,0.001,0.054091153,High
bASV52905,0.252596096,0.001,0.054091153,High
bASV52865,0.209165007,0.001,0.054091153,High
bASV527,0.15314029,0.018,0.56745,High
bASV52298,0.208746618,0.001,0.054091153,High
bASV5199,0.440708929,0.001,0.054091153,High
bASV51827,0.247045043,0.001,0.054091153,High
bASV51551,0.4949887,0.001,0.054091153,High
bASV51344,0.226406349,0.003,0.130730022,High
bASV51338,0.179711863,0.002,0.094280374,High
bASV5107,0.222325052,0.002,0.094280374,High
bASV50572,0.474294214,0.001,0.054091153,High
bASV50469,0.142913709,0.023,0.67547016,High
bASV5042,0.407486698,0.001,0.054091153,High
bASV50312,0.206203744,0.001,0.054091153,High
bASV49927,0.17169661,0.003,0.130730022,High
bASV49874,0.411906409,0.001,0.054091153,High
bASV49638,0.123278418,0.017,0.543568938,High
bASV49178,0.150989757,0.017,0.543568938,High
bASV48676,0.168339637,0.003,0.130730022,High
bASV48554,0.157409086,0.005,0.193627639,High
bASV48524,0.144270774,0.024,0.702792453,High
bASV48354,0.213062704,0.001,0.054091153,High
bASV4835,0.214438681,0.001,0.054091153,High
bASV46630,0.317100556,0.001,0.054091153,High
bASV46386,0.274040099,0.001,0.054091153,High
bASV4611,0.139079802,0.047,0.860356685,High
bASV45993,0.179367444,0.005,0.193627639,High
bASV4599,0.25406497,0.001,0.054091153,High
bASV45968,0.295188656,0.001,0.054091153,High
bASV45849,0.362989094,0.001,0.054091153,High
bASV45611,0.153775303,0.002,0.094280374,High
bASV4542,0.225102754,0.001,0.054091153,High
bASV44906,0.454408282,0.001,0.054091153,High
bASV44663,0.4022549,0.001,0.054091153,High
bASV44656,0.16629161,0.004,0.162056225,High
bASV43964,0.184328969,0.002,0.094280374,High
bASV43620,0.204655053,0.002,0.094280374,High
bASV43517,0.140691852,0.034,0.860356685,High
bASV43422,0.22380129,0.001,0.054091153,High
bASV4340,0.122802293,0.042,0.860356685,High
bASV42969,0.132577343,0.023,0.67547016,High
bASV42762,0.147973313,0.01,0.350886957,High
bASV42610,0.176266897,0.003,0.130730022,High
bASV4158,0.128185413,0.035,0.860356685,High
bASV41330,0.227145717,0.001,0.054091153,High
bASV41244,0.191944798,0.004,0.162056225,High
bASV41236,0.161568886,0.007,0.256319419,High
bASV41187,0.143396836,0.022,0.657588148,High
bASV41172,0.173718625,0.005,0.193627639,High
bASV41020,0.226268298,0.001,0.054091153,High
bASV40493,0.135963664,0.026,0.74832525,High
bASV40196,0.134424988,0.039,0.860356685,High
bASV40171,0.205804349,0.003,0.130730022,High
bASV40097,0.138906936,0.029,0.822931083,High
bASV39984,0.254139088,0.001,0.054091153,High
bASV39874,0.219043197,0.001,0.054091153,High
bASV39737,0.426030884,0.001,0.054091153,High
bASV3970,0.235238854,0.001,0.054091153,High
bASV39398,0.226855817,0.002,0.094280374,High
bASV39380,0.137875386,0.049,0.860356685,High
bASV38957,0.173952872,0.003,0.130730022,High
bASV38662,0.169531571,0.005,0.193627639,High
bASV38618,0.581239899,0.001,0.054091153,High
bASV38183,0.278737331,0.002,0.094280374,High
bASV38043,0.282951077,0.001,0.054091153,High
bASV37750,0.179886599,0.004,0.162056225,High
bASV37687,0.330687077,0.001,0.054091153,High
bASV37524,0.126811095,0.016,0.521512116,High
bASV36864,0.23778764,0.001,0.054091153,High
bASV36599,0.151477277,0.013,0.437146667,High
bASV36590,0.200684057,0.002,0.094280374,High
bASV36323,0.136977842,0.023,0.67547016,High
bASV36290,0.201380608,0.002,0.094280374,High
bASV36253,0.342869204,0.001,0.054091153,High
bASV36234,0.191792339,0.002,0.094280374,High
bASV36177,0.508394805,0.001,0.054091153,High
bASV36054,0.270506362,0.001,0.054091153,High
bASV35455,0.393072019,0.001,0.054091153,High
bASV35353,0.123623212,0.038,0.860356685,High
bASV34960,0.239183921,0.001,0.054091153,High
bASV34644,0.336160948,0.001,0.054091153,High
bASV34469,0.603145246,0.001,0.054091153,High
bASV34464,0.242387768,0.001,0.054091153,High
bASV33602,0.133443261,0.038,0.860356685,High
bASV33596,0.150369487,0.026,0.74832525,High
bASV33394,0.518594094,0.001,0.054091153,High
bASV32865,0.341603172,0.001,0.054091153,High
bASV32308,0.29587547,0.001,0.054091153,High
bASV32041,0.159820497,0.014,0.466112211,High
bASV31852,0.342106144,0.001,0.054091153,High
bASV31709,0.131941786,0.032,0.860356685,High
bASV31080,0.207604535,0.004,0.162056225,High
bASV30907,0.137227132,0.033,0.860356685,High
bASV30081,0.189014835,0.001,0.054091153,High
bASV29765,0.297707161,0.001,0.054091153,High
bASV2905,0.231413339,0.001,0.054091153,High
bASV28929,0.240954098,0.001,0.054091153,High
bASV28382,0.304826016,0.001,0.054091153,High
bASV28302,0.353224466,0.001,0.054091153,High
bASV28154,0.134379829,0.027,0.771603399,High
bASV28098,0.137317351,0.034,0.860356685,High
bASV27901,0.117535235,0.035,0.860356685,High
bASV2782,0.562880538,0.001,0.054091153,High
bASV27010,0.192148841,0.002,0.094280374,High
bASV2693,0.169567829,0.007,0.256319419,High
bASV26915,0.359396414,0.001,0.054091153,High
bASV26649,0.203351817,0.003,0.130730022,High
bASV26036,0.1441464,0.021,0.640024169,High
bASV25500,0.592858148,0.001,0.054091153,High
bASV2543,0.360613325,0.001,0.054091153,High
bASV25263,0.194249827,0.002,0.094280374,High
bASV24566,0.189601511,0.001,0.054091153,High
bASV24562,0.165470605,0.012,0.406910924,High
bASV2438,0.24000446,0.001,0.054091153,High
bASV24327,0.428878404,0.001,0.054091153,High
bASV23115,0.462958054,0.001,0.054091153,High
bASV2299,0.13564567,0.023,0.67547016,High
bASV22926,0.136619266,0.015,0.492097561,High
bASV226,0.453513473,0.001,0.054091153,High
bASV22520,0.141382089,0.019,0.591580247,High
bASV22426,0.353008686,0.001,0.054091153,High
bASV21834,0.215002349,0.001,0.054091153,High
bASV21744,0.158059201,0.007,0.256319419,High
bASV21729,0.1601155,0.003,0.130730022,High
bASV21477,0.172838422,0.003,0.130730022,High
bASV21271,0.185371277,0.004,0.162056225,High
bASV21246,0.141345111,0.02,0.618895706,High
bASV20994,0.183459104,0.005,0.193627639,High
bASV20871,0.217129334,0.002,0.094280374,High
bASV20669,0.19638167,0.001,0.054091153,High
bASV20352,0.383723503,0.001,0.054091153,High
bASV20343,0.195978145,0.001,0.054091153,High
bASV20149,0.284566604,0.001,0.054091153,High
bASV2007,0.148305102,0.014,0.466112211,High
bASV20058,0.33676566,0.001,0.054091153,High
bASV19985,0.538494846,0.001,0.054091153,High
bASV19914,0.154743807,0.022,0.657588148,High
bASV19895,0.209491927,0.001,0.054091153,High
bASV19774,0.208666713,0.002,0.094280374,High
bASV19485,0.248577813,0.001,0.054091153,High
bASV19466,0.198021995,0.003,0.130730022,High
bASV19343,0.340239406,0.001,0.054091153,High
bASV19063,0.207031237,0.002,0.094280374,High
bASV18949,0.190177481,0.002,0.094280374,High
bASV1863,0.388724538,0.001,0.054091153,High
bASV18527,0.218112182,0.001,0.054091153,High
bASV18466,0.242446696,0.001,0.054091153,High
bASV18235,0.179984604,0.002,0.094280374,High
bASV18017,0.205612025,0.001,0.054091153,High
bASV17683,0.218247363,0.001,0.054091153,High
bASV17474,0.134120957,0.002,0.094280374,High
bASV17378,0.292145469,0.001,0.054091153,High
bASV17183,0.235712531,0.001,0.054091153,High
bASV17058,0.15911005,0.011,0.378085179,High
bASV16816,0.224424352,0.001,0.054091153,High
bASV16666,0.147972365,0.012,0.406910924,High
bASV16332,0.404276534,0.001,0.054091153,High
bASV16174,0.44137036,0.001,0.054091153,High
bASV16090,0.201724321,0.002,0.094280374,High
bASV15938,0.123694331,0.036,0.860356685,High
bASV15828,0.314014133,0.001,0.054091153,High
bASV15709,0.267439301,0.001,0.054091153,High
bASV15554,0.268195488,0.001,0.054091153,High
bASV15407,0.548135133,0.001,0.054091153,High
bASV1536,0.157760745,0.01,0.350886957,High
bASV15176,0.160573574,0.008,0.288228571,High
bASV15050,0.178028139,0.004,0.162056225,High
bASV14960,0.206041928,0.005,0.193627639,High
bASV14844,0.490094807,0.001,0.054091153,High
bASV14749,0.272417645,0.001,0.054091153,High
bASV14688,0.2604185,0.001,0.054091153,High
bASV146,0.223827955,0.001,0.054091153,High
bASV14209,0.140877366,0.03,0.846545455,High
bASV13983,0.224527388,0.001,0.054091153,High
bASV13929,0.135250445,0.029,0.822931083,High
bASV13884,0.386656503,0.001,0.054091153,High
bASV13883,0.141248505,0.042,0.860356685,High
bASV13864,0.243836028,0.001,0.054091153,High
bASV13753,0.222442146,0.001,0.054091153,High
bASV13680,0.19643716,0.001,0.054091153,High
bASV13506,0.12487324,0.018,0.56745,High
bASV13201,0.163116819,0.009,0.318568421,High
bASV12796,0.273699874,0.001,0.054091153,High
bASV12615,0.132936643,0.025,0.721602289,High
bASV12106,0.255113919,0.001,0.054091153,High
bASV12056,0.221721438,0.001,0.054091153,High
bASV11961,0.373249986,0.001,0.054091153,High
bASV11953,0.134544622,0.019,0.591580247,High
bASV11840,0.13726166,0.014,0.466112211,High
bASV11769,0.232326098,0.001,0.054091153,High
bASV11219,0.155888978,0.009,0.318568421,High
bASV10947,0.206538459,0.001,0.054091153,High
bASV10922,0.221519779,0.001,0.054091153,High
bASV10546,0.225338454,0.001,0.054091153,High
bASV10486,0.424529201,0.001,0.054091153,High